-- DROP : 테이블 및 시퀀스
DROP TABLE CLUB;
DROP TABLE CLUB_MANAGEMENT;
DROP TABLE CLUB_POST;
DROP TABLE CLUB_POST_FILE;
DROP TABLE CP_REPLY;
DROP TABLE DM;
DROP TABLE MEMBER;
DROP TABLE MOUNTAIN;
DROP TABLE MOUNTAIN_POST;
DROP TABLE MOUNTAIN_POST_FILE;
DROP TABLE MP_REPLY;
DROP TABLE MOUNTAIN_RECOMMEND;
DROP TABLE MOUNTAIN_PARKINGLOT_INFO;
DROP TABLE REPORT;
DROP TABLE TREE_CAMPAIGN;
DROP SEQUENCE SEQ_TREE_POST;
DROP SEQUENCE SEQ_MOUNTAIN_POST;
DROP SEQUENCE SEQ_MP_REPLY;
DROP SEQUENCE SEQ_LETTER;
DROP SEQUENCE SEQ_REPORT;
DROP SEQUENCE SEQ_CLUB;
DROP SEQUENCE SEQ_CLUB_POST;
DROP SEQUENCE SEQ_CP_REPLY_NO;

-- CREATE : 테이블 및 시퀀스
-- 회원
CREATE TABLE MEMBER(
    USER_ID VARCHAR2(20) PRIMARY KEY,
    USER_PWD VARCHAR2(30) NOT NULL,
    USER_NAME VARCHAR2(20) NOT NULL,
    USER_PHONE VARCHAR2(11) NOT NULL,
    USER_EMAIL VARCHAR2(100) NOT NULL,
    TREE_POINT NUMBER, 
    NORMAL_POINT NUMBER,
    ENROLL_DATE DATE DEFAULT SYSDATE
);
COMMENT ON COLUMN MEMBER.USER_ID IS '유저 아이디';
COMMENT ON COLUMN MEMBER.USER_PWD IS '비밀번호';
COMMENT ON COLUMN MEMBER.USER_NAME IS '유저 이름';
COMMENT ON COLUMN MEMBER.USER_PHONE IS '전화번호';
COMMENT ON COLUMN MEMBER.USER_EMAIL IS '이메일';
COMMENT ON COLUMN MEMBER.TREE_POINT IS '나무포인트';
COMMENT ON COLUMN MEMBER.NORMAL_POINT IS '일반포인트';
COMMENT ON COLUMN MEMBER.ENROLL_DATE IS '가입날짜';

-- 산
CREATE TABLE MOUNTAIN(
    MOUNTAIN_COURSE VARCHAR2(50) PRIMARY KEY,
    MOUNTAIN_LENGTH VARCHAR2(20) NOT NULL,
    MOUNTAIN_REGION VARCHAR2(20) NOT NULL,
    MOUNTAIN_NAME VARCHAR2(20) NOT NULL,
    PARKINGLOT_NO NUMBER
);
COMMENT ON COLUMN MOUNTAIN.MOUNTAIN_REGION IS '지역';
COMMENT ON COLUMN MOUNTAIN.PARKINGLOT_NO IS '주차장 번호';
COMMENT ON COLUMN MOUNTAIN.MOUNTAIN_NAME IS '산이름';
COMMENT ON COLUMN MOUNTAIN.MOUNTAIN_COURSE IS '코스';
COMMENT ON COLUMN MOUNTAIN.MOUNTAIN_LENGTH IS '코스길이';

-- 추천코스
CREATE TABLE MOUNTAIN_RECOMMEND(
    MOUNTAIN_NAME VARCHAR2(20) NOT NULL,
    MOUNTAIN_REGION VARCHAR2(20) NOT NULL,
    MOUNTAIN_COURSE VARCHAR2(50) NOT NULL,
    MOUNTAIN_LENGTH VARCHAR2(20) NOT NULL,
    MOUNTAIN_TIME VARCHAR2(50) NOT NULL,
    MOUNTAIN_PARTY NUMBER NOT NULL,
    MOUNTAIN_LEVEL NUMBER NOT NULL,
    PARKINGLOT_NO NUMBER NOT NULL
);
COMMENT ON COLUMN MOUNTAIN_RECOMMEND.MOUNTAIN_NAME IS '산이름';
COMMENT ON COLUMN MOUNTAIN_RECOMMEND.MOUNTAIN_REGION IS '지역';
COMMENT ON COLUMN MOUNTAIN_RECOMMEND.MOUNTAIN_COURSE IS '코스';
COMMENT ON COLUMN MOUNTAIN_RECOMMEND.MOUNTAIN_LENGTH IS '코스길이';
COMMENT ON COLUMN MOUNTAIN_RECOMMEND.MOUNTAIN_TIME IS '소요시간';
COMMENT ON COLUMN MOUNTAIN_RECOMMEND.MOUNTAIN_PARTY IS '일행';
COMMENT ON COLUMN MOUNTAIN_RECOMMEND.MOUNTAIN_LEVEL IS '난이도';
COMMENT ON COLUMN MOUNTAIN_RECOMMEND.PARKINGLOT_NO IS '주차장';

-- 주차장 정보
CREATE TABLE MOUNTAIN_PARKINGLOT_INFO(
	PARKINGLOT_NO	NUMBER	PRIMARY KEY, 
	MOUNTAIN_NAME 	VARCHAR2(20)	NULL,
	PARKINGLOT_NAME	VARCHAR2(100)	NULL,
	PARKINGLOT_ADDRESS	VARCHAR2(50)	NULL,
	PARKINGLOT_TEL 	VARCHAR2(15)	NULL,
	PARKINGLOT_OPEN_TIME VARCHAR2(20)	NULL,
	PARKINGLOT_CLOSE_TIME	VARCHAR2(20)	NULL,
	PARKINGLOT_PRICE_BIG	VARCHAR2(20)	NULL,
	PARKINGLOT_PRICE_SMALL	VARCHAR2(20)	NULL,
    PARKINGLOT_DAY_PRICE_BIG 	VARCHAR2(20)	NULL,
	PARKINGLOT_DAY_PRICE_SMALL	VARCHAR2(20)	NULL,
	PARKINGLOT_GOOLE_MAP_X	VARCHAR2(60)  NULL,
	PARKINGLOT_GOOLE_MAP_Y	VARCHAR2(60)	NULL
);
COMMENT ON COLUMN MOUNTAIN_PARKINGLOT_INFO.PARKINGLOT_NO IS '번호';
COMMENT ON COLUMN MOUNTAIN_PARKINGLOT_INFO.MOUNTAIN_NAME IS '산이름';
COMMENT ON COLUMN MOUNTAIN_PARKINGLOT_INFO.PARKINGLOT_NAME IS '주차장이름';
COMMENT ON COLUMN MOUNTAIN_PARKINGLOT_INFO.PARKINGLOT_ADDRESS IS '주차장주소';
COMMENT ON COLUMN MOUNTAIN_PARKINGLOT_INFO.PARKINGLOT_TEL 	IS '주차장연락처';
COMMENT ON COLUMN MOUNTAIN_PARKINGLOT_INFO.PARKINGLOT_OPEN_TIME IS '주차장  이용시간(시작)';
COMMENT ON COLUMN MOUNTAIN_PARKINGLOT_INFO.PARKINGLOT_CLOSE_TIME	IS '주차장  이용시간(종료)';
COMMENT ON COLUMN MOUNTAIN_PARKINGLOT_INFO.PARKINGLOT_PRICE_BIG	IS '대형 차량  기본요금';
COMMENT ON COLUMN MOUNTAIN_PARKINGLOT_INFO.PARKINGLOT_PRICE_SMALL	IS '중/소형 차량 기본요금';
COMMENT ON COLUMN MOUNTAIN_PARKINGLOT_INFO.PARKINGLOT_DAY_PRICE_BIG   IS '대형 차량  종일요금';
COMMENT ON COLUMN MOUNTAIN_PARKINGLOT_INFO.PARKINGLOT_DAY_PRICE_SMALL   IS '중/소형 차량 종일요금';
COMMENT ON COLUMN MOUNTAIN_PARKINGLOT_INFO.PARKINGLOT_GOOLE_MAP_X	IS '지도좌표X';
COMMENT ON COLUMN MOUNTAIN_PARKINGLOT_INFO.PARKINGLOT_GOOLE_MAP_Y	IS '지도좌표Y';

-- 등산인증 게시글
CREATE TABLE MOUNTAIN_POST(
    MOUNTAIN_POST_NO NUMBER PRIMARY KEY,
    MOUNTAIN_NAME VARCHAR2(20) NOT NULL,
    USER_ID VARCHAR2(20) NOT NULL,
    MOUNTAIN_POST_SUBJECT VARCHAR2(60) NOT NULL,
    MOUNTAIN_POST_CONTENTS VARCHAR2(1000) NOT NULL,
    MOUNTAIN_REG_DATE DATE DEFAULT SYSDATE,
    MOUNTAIN_REGION VARCHAR2(20) NOT NULL,
    MOUNTAIN_COURSE VARCHAR2(50) NOT NULL,
    MOUNTAIN_TIME NUMBER NOT NULL,
    MOUNTAIN_PARTY NUMBER NOT NULL,
    MOUNTAIN_LEVEL NUMBER NOT NULL,
    MOUNTAIN_CAUTION VARCHAR2(600) NOT NULL,
    MOUNTAIN_NEED VARCHAR2(200) NOT NULL,
    MOUNTAIN_RECOMMEND NUMBER,
    MOUNTAIN_POST_STATE VARCHAR2(10) DEFAULT '대기'
);
COMMENT ON COLUMN MOUNTAIN_POST.MOUNTAIN_POST_NO IS '게시글 번호';
COMMENT ON COLUMN MOUNTAIN_POST.MOUNTAIN_NAME IS '산이름';
COMMENT ON COLUMN MOUNTAIN_POST.USER_ID IS '유저아이디';
COMMENT ON COLUMN MOUNTAIN_POST.MOUNTAIN_POST_SUBJECT IS '제목';
COMMENT ON COLUMN MOUNTAIN_POST.MOUNTAIN_POST_CONTENTS IS '내용';
COMMENT ON COLUMN MOUNTAIN_POST.MOUNTAIN_REG_DATE IS '작성일';
COMMENT ON COLUMN MOUNTAIN_POST.MOUNTAIN_REGION IS '지역';
COMMENT ON COLUMN MOUNTAIN_POST.MOUNTAIN_COURSE IS '코스';
COMMENT ON COLUMN MOUNTAIN_POST.MOUNTAIN_TIME IS '소요시간';
COMMENT ON COLUMN MOUNTAIN_POST.MOUNTAIN_PARTY IS '일행';
COMMENT ON COLUMN MOUNTAIN_POST.MOUNTAIN_LEVEL IS '난이도';
COMMENT ON COLUMN MOUNTAIN_POST.MOUNTAIN_CAUTION IS '주의사항';
COMMENT ON COLUMN MOUNTAIN_POST.MOUNTAIN_NEED IS '준비물';
COMMENT ON COLUMN MOUNTAIN_POST.MOUNTAIN_RECOMMEND IS '추천수';
COMMENT ON COLUMN MOUNTAIN_POST.MOUNTAIN_POST_STATE IS '게시물 상태';

-- 등산인증 첨부파일
CREATE TABLE MOUNTAIN_POST_FILE(
    MOUNTAIN_POST_NO NUMBER NOT NULL,
    MOUNTAIN_NAME VARCHAR2(20) NOT NULL,
    FILE_NAME VARCHAR2(200) NOT NULL,
    FILE_PATH VARCHAR2(2000) NOT NULL,
    FILE_SIZE NUMBER NOT NULL,
    FILE_USER VARCHAR2(20) NOT NULL,
    UPLOAD_DATE DATE DEFAULT SYSDATE
);
COMMENT ON COLUMN MOUNTAIN_POST_FILE.MOUNTAIN_POST_NO IS '게시글 번호';
COMMENT ON COLUMN MOUNTAIN_POST_FILE.MOUNTAIN_NAME IS '산 이름';
COMMENT ON COLUMN MOUNTAIN_POST_FILE.FILE_NAME IS '파일 이름';
COMMENT ON COLUMN MOUNTAIN_POST_FILE.FILE_PATH IS '파일 경로';
COMMENT ON COLUMN MOUNTAIN_POST_FILE.FILE_SIZE IS '파일 사이즈';
COMMENT ON COLUMN MOUNTAIN_POST_FILE.FILE_USER IS '업로더';
COMMENT ON COLUMN MOUNTAIN_POST_FILE.UPLOAD_DATE IS '첨부일';

-- 등산인증 댓글
CREATE TABLE MP_REPLY(
    REPLY_NO NUMBER PRIMARY KEY,
    MOUNTAIN_POST_NO NUMBER NOT NULL,
    REPLY_CONTENTS VARCHAR2(1000) NOT NULL,
    REPLY_USERID VARCHAR2(20) NOT NULL,
    REPLY_DATE DATE DEFAULT SYSDATE
);
COMMENT ON COLUMN MP_REPLY.REPLY_NO IS '댓글 번호';
COMMENT ON COLUMN MP_REPLY.MOUNTAIN_POST_NO IS '게시글 번호';
COMMENT ON COLUMN MP_REPLY.REPLY_CONTENTS IS '댓글 내용';
COMMENT ON COLUMN MP_REPLY.REPLY_USERID IS '댓글 작성자';
COMMENT ON COLUMN MP_REPLY.REPLY_DATE IS '댓글 작성일';

-- 나무심기 캠페인
CREATE TABLE TREE_CAMPAIGN(
    TREE_POST_NO NUMBER PRIMARY KEY,
    USER_ID VARCHAR2(20) NOT NULL,
    TREE_PARTICIPANT VARCHAR2(30) NOT NULL,
    TREE_CONTENTS VARCHAR2(40) NOT NULL,
    TREE_DATE DATE DEFAULT SYSDATE
);
COMMENT ON COLUMN TREE_CAMPAIGN.TREE_POST_NO IS '게시글 번호';
COMMENT ON COLUMN TREE_CAMPAIGN.USER_ID IS '유저 아이디';
COMMENT ON COLUMN TREE_CAMPAIGN.TREE_PARTICIPANT IS '참여자 이름';
COMMENT ON COLUMN TREE_CAMPAIGN.TREE_CONTENTS IS '팻말 내용';
COMMENT ON COLUMN TREE_CAMPAIGN.TREE_DATE IS '등록일';

-- 쪽지
CREATE TABLE DM(
    LETTER_NO NUMBER PRIMARY KEY,
    USER_ID VARCHAR2(20) NOT NULL,
    LETTER_CONTENTS VARCHAR2(2000) NOT NULL,
    RECIPIENT_ID VARCHAR2(20) NOT NULL,
    WRITE_DATE DATE DEFAULT SYSDATE,
    LETTER_SUBJECT VARCHAR2(50) NOT NULL
);
COMMENT ON COLUMN DM.LETTER_NO IS '쪽지번호';
COMMENT ON COLUMN DM.USER_ID IS '유저 아이디';
COMMENT ON COLUMN DM.LETTER_CONTENTS IS '내용';
COMMENT ON COLUMN DM.RECIPIENT_ID IS '받는이';
COMMENT ON COLUMN DM.WRITE_DATE IS '작성일';
COMMENT ON COLUMN DM.LETTER_SUBJECT IS '제목';

-- 소모임
CREATE TABLE CLUB(
    CLUB_NO NUMBER PRIMARY KEY,
    USER_ID VARCHAR2(20) NOT NULL,
    CLUB_NAME VARCHAR2(50) UNIQUE,
    CLUB_REGION VARCHAR2(50) NOT NULL,
    CLUB_AGE NUMBER NOT NULL,
    CLUB_INTRODUCE VARCHAR2(500) NOT NULL,
    CLUB_CREATE_DATE DATE DEFAULT SYSDATE
);
COMMENT ON COLUMN CLUB.CLUB_NO IS '그룹번호';
COMMENT ON COLUMN CLUB.USER_ID IS '유저아이디';
COMMENT ON COLUMN CLUB.CLUB_NAME IS '그룹명';
COMMENT ON COLUMN CLUB.CLUB_REGION IS '그룹지역';
COMMENT ON COLUMN CLUB.CLUB_AGE IS '모집연령대';
COMMENT ON COLUMN CLUB.CLUB_INTRODUCE IS '소개글';
COMMENT ON COLUMN CLUB.CLUB_CREATE_DATE IS '생성일';

-- 소모임 관리
CREATE TABLE CLUB_MANAGEMENT(
    CLUB_NO NUMBER NOT NULL,
    USER_ID VARCHAR2(20) NOT NULL,
    USER_NAME VARCHAR2(20) NOT NULL,
    USER_AGE NUMBER NOT NULL,
    USER_POSITION NUMBER DEFAULT 1,
    JOIN_DATE DATE DEFAULT SYSDATE,
    APPROVAL_POSITION VARCHAR2(1) DEFAULT 'N',
    USER_INTRODUCE VARCHAR2(200) NOT NULL,
    JOIN_ROUTE VARCHAR2(100) NOT NULL
);
COMMENT ON COLUMN CLUB_MANAGEMENT.CLUB_NO IS '그룹번호';
COMMENT ON COLUMN CLUB_MANAGEMENT.USER_ID IS '유저 아이디';
COMMENT ON COLUMN CLUB_MANAGEMENT.USER_NAME IS '유저 이름';
COMMENT ON COLUMN CLUB_MANAGEMENT.USER_AGE IS '유저 나이';
COMMENT ON COLUMN CLUB_MANAGEMENT.USER_POSITION IS '직급';
COMMENT ON COLUMN CLUB_MANAGEMENT.JOIN_DATE IS '가입 날짜';
COMMENT ON COLUMN CLUB_MANAGEMENT.APPROVAL_POSITION IS '승인 상태';
COMMENT ON COLUMN CLUB_MANAGEMENT.USER_INTRODUCE IS '유저 자기소개';
COMMENT ON COLUMN CLUB_MANAGEMENT.JOIN_ROUTE IS '가입경로';

-- 소모임 게시글
CREATE TABLE CLUB_POST(
    CLUB_POST_NO NUMBER PRIMARY KEY,
    CLUB_NO NUMBER NOT NULL,
    USER_ID VARCHAR2(20) NOT NULL,
    RECOMMEND NUMBER,
    CLUB_POST_SUBJECT VARCHAR2(300) NOT NULL,
    CLUB_POST_CONTENTS VARCHAR2(1000) NOT NULL,
    CLUB_POST_DATE DATE DEFAULT SYSDATE
);
COMMENT ON COLUMN CLUB_POST.CLUB_POST_NO IS '게시글 번호';
COMMENT ON COLUMN CLUB_POST.CLUB_NO IS '그룹번호';
COMMENT ON COLUMN CLUB_POST.USER_ID IS '작성자';
COMMENT ON COLUMN CLUB_POST.RECOMMEND IS '추천수';
COMMENT ON COLUMN CLUB_POST.CLUB_POST_SUBJECT IS '제목';
COMMENT ON COLUMN CLUB_POST.CLUB_POST_CONTENTS IS '내용';
COMMENT ON COLUMN CLUB_POST.CLUB_POST_DATE IS '작성일';

-- 소모임 게시글 첨부파일
CREATE TABLE CLUB_POST_FILE(
    CLUB_POST_NO NUMBER NOT NULL,
    CLUB_NO NUMBER NOT NULL,
    USER_ID VARCHAR2(20) NOT NULL,
    FILE_NAME VARCHAR2(200) NOT NULL,
    FILE_PATH VARCHAR2(2000) NOT NULL,
    FILE_SIZE NUMBER NOT NULL,
    UPLOAD_DATE DATE DEFAULT SYSDATE
);
COMMENT ON COLUMN CLUB_POST_FILE.CLUB_POST_NO IS '게시글 번호';
COMMENT ON COLUMN CLUB_POST_FILE.CLUB_NO IS '그룹 번호';
COMMENT ON COLUMN CLUB_POST_FILE.USER_ID IS '업로더';
COMMENT ON COLUMN CLUB_POST_FILE.FILE_NAME IS '파일이름';
COMMENT ON COLUMN CLUB_POST_FILE.FILE_PATH IS '파일 경로';
COMMENT ON COLUMN CLUB_POST_FILE.FILE_SIZE IS '파일 사이즈';
COMMENT ON COLUMN CLUB_POST_FILE.UPLOAD_DATE IS '첨부일';

-- 소모임 댓글
CREATE TABLE CP_REPLY(
    REPLY_NO NUMBER PRIMARY KEY,
    CLUB_POST_NO NUMBER NOT NULL,
    REPLY_CONTENTS VARCHAR2(1000) NOT NULL,
    REPLY_USERID VARCHAR2(20) NOT NULL,
    REPLY_DATE DATE DEFAULT SYSDATE
);
COMMENT ON COLUMN CP_REPLY.REPLY_NO IS '댓글 번호';
COMMENT ON COLUMN CP_REPLY.CLUB_POST_NO IS '게시글 번호';
COMMENT ON COLUMN CP_REPLY.REPLY_CONTENTS IS '댓글 내용';
COMMENT ON COLUMN CP_REPLY.REPLY_USERID IS '댓글 작성자';
COMMENT ON COLUMN CP_REPLY.REPLY_DATE IS '댓글 작성일';

-- 신고
CREATE TABLE REPORT(
    REPORT_NO NUMBER PRIMARY KEY,
    USER_ID VARCHAR2(20) NOT NULL,
    POST_TYPE VARCHAR2(20) NOT NULL,
    REPORT_TYPE VARCHAR2(20) NOT NULL,
    REPORT_TITLE VARCHAR2(30) NOT NULL,
    REPORT_CONTENTS VARCHAR2(500) NOT NULL,
    ANSWER VARCHAR2(1) DEFAULT 'N',
    POST_NO NUMBER,
    REPORT_DATE DATE DEFAULT SYSDATE
);
COMMENT ON COLUMN REPORT.REPORT_NO IS '신고글번호';
COMMENT ON COLUMN REPORT.USER_ID IS '유저아이디';
COMMENT ON COLUMN REPORT.POST_TYPE IS '게시판 유형';
COMMENT ON COLUMN REPORT.REPORT_TYPE IS '신고유형';
COMMENT ON COLUMN REPORT.REPORT_TITLE IS '제목';
COMMENT ON COLUMN REPORT.REPORT_CONTENTS IS '내용';
COMMENT ON COLUMN REPORT.ANSWER IS '답변상태';
COMMENT ON COLUMN REPORT.POST_NO IS '게시물 번호';
COMMENT ON COLUMN REPORT.REPORT_DATE IS '신고날짜';

-- 시퀀스 생성
CREATE SEQUENCE SEQ_TREE_POST; --나무심기캠페인
CREATE SEQUENCE SEQ_MOUNTAIN_POST; --등산인증
CREATE SEQUENCE SEQ_MP_REPLY; --등산인증 댓글
CREATE SEQUENCE SEQ_LETTER; -- 쪽지
CREATE SEQUENCE SEQ_REPORT; -- 신고
CREATE SEQUENCE SEQ_CLUB; -- 소모임
CREATE SEQUENCE SEQ_CLUB_POST; --소모임 게시판
CREATE SEQUENCE SEQ_CP_REPLY_NO; -- 소모임 댓글

-- INSERT : 데이터 삽입
-- 회원 정보
INSERT INTO MEMBER VALUES('admin', 'admin', 'admin', '01011112222', 'admin@santa.com', 100000, 0, DEFAULT);
INSERT INTO MEMBER VALUES('user01', 'user01', 'user01', '01000000001', 'user01@santa.com', 10000, 10, DEFAULT);
INSERT INTO MEMBER VALUES('user02', 'user02', 'user02', '01000000002', 'user02@santa.com', 0, 20, DEFAULT);
INSERT INTO MEMBER VALUES('user03', 'user03', 'user03', '01000000003', 'user03@santa.com', 2000, 30, DEFAULT);
INSERT INTO MEMBER VALUES('user04', 'user04', 'user04', '01000000004', 'user04@santa.com', 3000, 40, DEFAULT);
INSERT INTO MEMBER VALUES('user05', 'user05', 'user05', '01000000005', 'user05@santa.com', 0, 50, DEFAULT);
INSERT INTO MEMBER VALUES('user06', 'user06', 'user06', '01000000006', 'user06@santa.com', 0, 60, DEFAULT);
INSERT INTO MEMBER VALUES('user07', 'user07', 'user07', '01000000007', 'user07@santa.com', 0, 70, DEFAULT);
INSERT INTO MEMBER VALUES('user08', 'user08', 'user08', '01000000008', 'user08@santa.com', 0, 80, DEFAULT);
INSERT INTO MEMBER VALUES('user09', 'user09', 'user09', '01000000009', 'user09@santa.com', 0, 90, DEFAULT);
INSERT INTO MEMBER VALUES('user10', 'user10', 'user10', '01000000010', 'user10@santa.com', 0, 100, DEFAULT);
INSERT INTO MEMBER VALUES('user11', 'user11', 'user11', '01000000011', 'user11@santa.com', 0, 110, DEFAULT);
INSERT INTO MEMBER VALUES('user12', 'user12', 'user12', '01000000012', 'user12@santa.com', 0, 120, DEFAULT);
INSERT INTO MEMBER VALUES('user13', 'user13', 'user13', '01000000013', 'user13@santa.com', 0, 130, DEFAULT);
INSERT INTO MEMBER VALUES('user14', 'user14', 'user14', '01000000014', 'user14@santa.com', 0, 140, DEFAULT);
INSERT INTO MEMBER VALUES('user15', 'user15', 'user15', '01000000015', 'user15@santa.com', 0, 150, DEFAULT);
INSERT INTO MEMBER VALUES('user16', 'user16', 'user16', '01000000016', 'user16@santa.com', 0, 160, DEFAULT);
INSERT INTO MEMBER VALUES('user17', 'user17', 'user17', '01000000017', 'user17@santa.com', 0, 170, DEFAULT);
INSERT INTO MEMBER VALUES('user18', 'user18', 'user18', '01000000018', 'user18@santa.com', 0, 180, DEFAULT);
INSERT INTO MEMBER VALUES('user19', 'user19', 'user19', '01000000019', 'user19@santa.com', 0, 190, DEFAULT);
INSERT INTO MEMBER VALUES('user20', 'user20', 'user20', '01000000020', 'user20@santa.com', 0, 200, DEFAULT);
INSERT INTO MEMBER VALUES('user21', 'user21', 'user21', '01000000021', 'user21@santa.com', 0, 210, DEFAULT);
INSERT INTO MEMBER VALUES('user22', 'user22', 'user22', '01000000022', 'user22@santa.com', 0, 220, DEFAULT);
INSERT INTO MEMBER VALUES('user23', 'user23', 'user23', '01000000023', 'user23@santa.com', 0, 230, DEFAULT);
INSERT INTO MEMBER VALUES('user24', 'user24', 'user24', '01000000024', 'user24@santa.com', 0, 240, DEFAULT);
INSERT INTO MEMBER VALUES('user25', 'user25', 'user25', '01000000025', 'user25@santa.com', 0, 250, DEFAULT);
INSERT INTO MEMBER VALUES('user26', 'user26', 'user26', '01000000026', 'user26@santa.com', 0, 260, DEFAULT);
INSERT INTO MEMBER VALUES('user27', 'user27', 'user27', '01000000027', 'user27@santa.com', 0, 270, DEFAULT);
INSERT INTO MEMBER VALUES('user28', 'user28', 'user28', '01000000028', 'user28@santa.com', 0, 280, DEFAULT);
INSERT INTO MEMBER VALUES('user29', 'user29', 'user29', '01000000029', 'user29@santa.com', 0, 290, DEFAULT);
INSERT INTO MEMBER VALUES('user30', 'user30', 'user30', '01000000030', 'user30@santa.com', 0, 300, DEFAULT);
INSERT INTO MEMBER VALUES('user31', 'user31', 'user31', '01000000031', 'user31@santa.com', 0, 310, DEFAULT);
INSERT INTO MEMBER VALUES('user32', 'user32', 'user32', '01000000032', 'user32@santa.com', 0, 320, DEFAULT);
INSERT INTO MEMBER VALUES('user33', 'user33', 'user33', '01000000033', 'user33@santa.com', 0, 330, DEFAULT);
INSERT INTO MEMBER VALUES('user34', 'user34', 'user34', '01000000034', 'user34@santa.com', 0, 340, DEFAULT);
INSERT INTO MEMBER VALUES('user35', 'user35', 'user35', '01000000035', 'user35@santa.com', 0, 350, DEFAULT);
INSERT INTO MEMBER VALUES('user36', 'user36', 'user36', '01000000036', 'user36@santa.com', 0, 360, DEFAULT);
INSERT INTO MEMBER VALUES('user37', 'user37', 'user37', '01000000037', 'user37@santa.com', 0, 370, DEFAULT);
INSERT INTO MEMBER VALUES('user38', 'user38', 'user38', '01000000038', 'user38@santa.com', 0, 380, DEFAULT);
INSERT INTO MEMBER VALUES('user39', 'user39', 'user39', '01000000039', 'user39@santa.com', 0, 390, DEFAULT);
INSERT INTO MEMBER VALUES('user40', 'user40', 'user40', '01000000040', 'user40@santa.com', 0, 400, DEFAULT);
INSERT INTO MEMBER VALUES('user41', 'user41', 'user41', '01000000041', 'user41@santa.com', 0, 410, DEFAULT);
INSERT INTO MEMBER VALUES('user42', 'user42', 'user42', '01000000042', 'user42@santa.com', 0, 420, DEFAULT);
INSERT INTO MEMBER VALUES('user43', 'user43', 'user43', '01000000043', 'user43@santa.com', 0, 430, DEFAULT);
INSERT INTO MEMBER VALUES('user44', 'user44', 'user44', '01000000044', 'user44@santa.com', 0, 440, DEFAULT);
INSERT INTO MEMBER VALUES('user45', 'user45', 'user45', '01000000045', 'user45@santa.com', 0, 450, DEFAULT);
INSERT INTO MEMBER VALUES('user46', 'user46', 'user46', '01000000046', 'user46@santa.com', 0, 460, DEFAULT);
INSERT INTO MEMBER VALUES('user47', 'user47', 'user47', '01000000047', 'user47@santa.com', 0, 470, DEFAULT);
INSERT INTO MEMBER VALUES('user48', 'user48', 'user48', '01000000048', 'user48@santa.com', 0, 480, DEFAULT);
INSERT INTO MEMBER VALUES('user49', 'user49', 'user49', '01000000049', 'user49@santa.com', 0, 490, DEFAULT);
INSERT INTO MEMBER VALUES('user50', 'user50', 'user50', '01000000050', 'user50@santa.com', 0, 500, DEFAULT);
INSERT INTO MEMBER VALUES('user51', 'user51', 'user51', '01000000051', 'user51@santa.com', 0, 510, DEFAULT);
INSERT INTO MEMBER VALUES('user52', 'user52', 'user52', '01000000052', 'user52@santa.com', 0, 520, DEFAULT);
INSERT INTO MEMBER VALUES('user53', 'user53', 'user53', '01000000053', 'user53@santa.com', 0, 530, DEFAULT);
INSERT INTO MEMBER VALUES('user54', 'user54', 'user54', '01000000054', 'user54@santa.com', 0, 540, DEFAULT);
INSERT INTO MEMBER VALUES('user55', 'user55', 'user55', '01000000055', 'user55@santa.com', 0, 550, DEFAULT);

--소모임 생성
INSERT INTO CLUB VALUES(SEQ_CLUB.NEXTVAL,'user02','산사모','경기도',30,'산을 사랑하는 모임입니다 다같이 모여서 등산합시다!',DEFAULT);
INSERT INTO CLUB_MANAGEMENT VALUES (1,'user02','user02',20,DEFAULT,DEFAULT,'Y','소모임장','소모임장');
INSERT INTO CLUB VALUES(SEQ_CLUB.NEXTVAL,'user03','KH교육원등산','서울종로',20,'KH정보교육원 완전 정복! 다같이 힘내서 끝까지 가봅시다',DEFAULT);
INSERT INTO CLUB_MANAGEMENT VALUES (2,'user03','user03',20,DEFAULT,DEFAULT,'Y','소모임장','소모임장');
INSERT INTO CLUB VALUES(SEQ_CLUB.NEXTVAL,'user04','좀만더 힘내주세요','홍대',30,'사실 홍대에서 놀고싶은데 어떻게하죠?',DEFAULT);
INSERT INTO CLUB_MANAGEMENT VALUES (3,'user04','user04',20,DEFAULT,DEFAULT,'Y','소모임장','소모임장');
INSERT INTO CLUB VALUES(SEQ_CLUB.NEXTVAL,'user05','붓산정복','부산',30,'부산에서 뜨끈한 국밥한그릇 쓰까무면서 등산한번하고 다같이 디비잘사람 구합니다',DEFAULT);
INSERT INTO CLUB_MANAGEMENT VALUES (4,'user05','user05',20,DEFAULT,DEFAULT,'Y','소모임장','소모임장');
INSERT INTO CLUB VALUES(SEQ_CLUB.NEXTVAL,'user06','어느산이든덤벼!','전국',20,'언젠가 백두산까지 갈껍니다! 저랑같이가실 파티구함1/10',DEFAULT);
INSERT INTO CLUB_MANAGEMENT VALUES (5,'user06','user06',20,DEFAULT,DEFAULT,'Y','소모임장','소모임장');
INSERT INTO CLUB VALUES(SEQ_CLUB.NEXTVAL,'user07','최고의소모임은 여깁니다','전국',30,'어느소모임이든 뎀벼! 산의정상에서 외치다 무야호!',DEFAULT);
INSERT INTO CLUB_MANAGEMENT VALUES (6,'user07','user07',20,DEFAULT,DEFAULT,'Y','소모임장','소모임장');
INSERT INTO CLUB VALUES(SEQ_CLUB.NEXTVAL,'user08','정상에서 술한잔','강원도',40,'동년배들이랑 같이 술한잔하면서 등산하실분 구합니다.',DEFAULT);
INSERT INTO CLUB_MANAGEMENT VALUES (7,'user08','user08',20,DEFAULT,DEFAULT,'Y','소모임장','소모임장');
INSERT INTO CLUB VALUES(SEQ_CLUB.NEXTVAL,'user09','우리함께만들어가요','제주',30,'작은 가슴 가슴 마다 고운 사랑 모아',DEFAULT);
INSERT INTO CLUB_MANAGEMENT VALUES (8,'user09','user09',20,DEFAULT,DEFAULT,'Y','소모임장','소모임장');
INSERT INTO CLUB VALUES(SEQ_CLUB.NEXTVAL,'user10','모두의등산','전국',30,'우리모두 손을모아 만 들어가요 작은 사람~~',DEFAULT);
INSERT INTO CLUB_MANAGEMENT VALUES (9,'user10','user10',20,DEFAULT,DEFAULT,'Y','소모임장','소모임장');
INSERT INTO CLUB VALUES(SEQ_CLUB.NEXTVAL,'user11','등산용품거래','전라도',30,'신뢰가 가는사람들끼리 물품 팔아요 판매자및구매자의 정보는 소모임장한테 있습니다.',DEFAULT);
INSERT INTO CLUB_MANAGEMENT VALUES (10,'user11','user11',20,DEFAULT,DEFAULT,'Y','소모임장','소모임장');
INSERT INTO CLUB VALUES(SEQ_CLUB.NEXTVAL,'user12','등산사랑모두사랑','서울',20,'등산을 사랑한다면 우리 같이 타지않을래?',DEFAULT);
INSERT INTO CLUB_MANAGEMENT VALUES (11,'user12','user12',20,DEFAULT,DEFAULT,'Y','소모임장','소모임장');
INSERT INTO CLUB VALUES(SEQ_CLUB.NEXTVAL,'user13','하나님의은혜','경기도',10,'하나님의 은혜에 힘입어 함께 등산합시다',DEFAULT);
INSERT INTO CLUB_MANAGEMENT VALUES (12,'user13','user13',20,DEFAULT,DEFAULT,'Y','소모임장','소모임장');
INSERT INTO CLUB VALUES(SEQ_CLUB.NEXTVAL,'user14','산타자','서울',20,'등산을 좋아하는 사람들 끼리 모여서 같이등산하거나 친목합시다!',DEFAULT);
INSERT INTO CLUB_MANAGEMENT VALUES (13,'user14','user14',20,DEFAULT,DEFAULT,'Y','소모임장','소모임장');

-- 소모임 가입신청 데이터
INSERT INTO CLUB_MANAGEMENT VALUES (14,'user26','user26',20,DEFAULT,DEFAULT,DEFAULT,'소개','가입경로');
INSERT INTO CLUB_MANAGEMENT VALUES (14,'user27','user27',20,DEFAULT,DEFAULT,DEFAULT,'소개','가입경로');
INSERT INTO CLUB_MANAGEMENT VALUES (14,'user28','user28',20,DEFAULT,DEFAULT,DEFAULT,'소개','가입경로');
INSERT INTO CLUB_MANAGEMENT VALUES (14,'user29','user29',20,DEFAULT,DEFAULT,DEFAULT,'소개','가입경로');
INSERT INTO CLUB_MANAGEMENT VALUES (14,'user30','user30',20,DEFAULT,DEFAULT,DEFAULT,'소개','가입경로');
INSERT INTO CLUB_MANAGEMENT VALUES (14,'user31','user31',20,DEFAULT,DEFAULT,DEFAULT,'소개','가입경로');
INSERT INTO CLUB_MANAGEMENT VALUES (14,'user32','user32',20,DEFAULT,DEFAULT,DEFAULT,'소개','가입경로');
INSERT INTO CLUB_MANAGEMENT VALUES (14,'user33','user33',20,DEFAULT,DEFAULT,DEFAULT,'소개','가입경로');
INSERT INTO CLUB_MANAGEMENT VALUES (14,'user34','user34',20,DEFAULT,DEFAULT,DEFAULT,'소개','가입경로');
INSERT INTO CLUB_MANAGEMENT VALUES (14,'user35','user35',20,DEFAULT,DEFAULT,DEFAULT,'소개','가입경로');
INSERT INTO CLUB_MANAGEMENT VALUES (14,'user36','user36',20,DEFAULT,DEFAULT,DEFAULT,'소개','가입경로');
INSERT INTO CLUB_MANAGEMENT VALUES (14,'user37','user37',20,DEFAULT,DEFAULT,DEFAULT,'소개','가입경로');
INSERT INTO CLUB_MANAGEMENT VALUES (14,'user38','user38',20,DEFAULT,DEFAULT,DEFAULT,'소개','가입경로');
INSERT INTO CLUB_MANAGEMENT VALUES (14,'user39','user39',20,DEFAULT,DEFAULT,DEFAULT,'소개','가입경로');
INSERT INTO CLUB_MANAGEMENT VALUES (14,'user40','user40',20,DEFAULT,DEFAULT,DEFAULT,'소개','가입경로');
INSERT INTO CLUB_MANAGEMENT VALUES (14,'user41','user41',20,DEFAULT,DEFAULT,DEFAULT,'소개','가입경로');
INSERT INTO CLUB_MANAGEMENT VALUES (14,'user42','user42',20,DEFAULT,DEFAULT,DEFAULT,'소개','가입경로');
INSERT INTO CLUB_MANAGEMENT VALUES (14,'user43','user43',20,DEFAULT,DEFAULT,DEFAULT,'소개','가입경로');
INSERT INTO CLUB_MANAGEMENT VALUES (14,'user44','user44',20,DEFAULT,DEFAULT,DEFAULT,'소개','가입경로');
INSERT INTO CLUB_MANAGEMENT VALUES (14,'user45','user45',20,DEFAULT,DEFAULT,DEFAULT,'소개','가입경로');
INSERT INTO CLUB_MANAGEMENT VALUES (14,'user46','user46',20,DEFAULT,DEFAULT,DEFAULT,'소개','가입경로');
INSERT INTO CLUB_MANAGEMENT VALUES (14,'user47','user47',20,DEFAULT,DEFAULT,DEFAULT,'소개','가입경로');
INSERT INTO CLUB_MANAGEMENT VALUES (14,'user48','user48',20,DEFAULT,DEFAULT,DEFAULT,'소개','가입경로');
INSERT INTO CLUB_MANAGEMENT VALUES (14,'user49','user49',20,DEFAULT,DEFAULT,DEFAULT,'소개','가입경로');
INSERT INTO CLUB_MANAGEMENT VALUES (14,'user50','user50',20,DEFAULT,DEFAULT,DEFAULT,'소개','가입경로');
INSERT INTO CLUB_MANAGEMENT VALUES (14,'user51','user51',20,DEFAULT,DEFAULT,DEFAULT,'소개','가입경로');
INSERT INTO CLUB_MANAGEMENT VALUES (14,'user52','user52',20,DEFAULT,DEFAULT,DEFAULT,'소개','가입경로');
INSERT INTO CLUB_MANAGEMENT VALUES (14,'user53','user53',20,DEFAULT,DEFAULT,DEFAULT,'소개','가입경로');
INSERT INTO CLUB_MANAGEMENT VALUES (14,'user54','user54',20,DEFAULT,DEFAULT,DEFAULT,'소개','가입경로');
INSERT INTO CLUB_MANAGEMENT VALUES (14,'user55','user55',20,DEFAULT,DEFAULT,DEFAULT,'소개','가입경로');

--소모임 멤버 데이터
INSERT INTO CLUB_MANAGEMENT VALUES (14,'user02','user02',20,DEFAULT,DEFAULT,'Y','소개','가입경로');
INSERT INTO CLUB_MANAGEMENT VALUES (14,'user03','user03',20,DEFAULT,DEFAULT,'Y','소개','가입경로');
INSERT INTO CLUB_MANAGEMENT VALUES (14,'user04','user04',20,DEFAULT,DEFAULT,'Y','소개','가입경로');
INSERT INTO CLUB_MANAGEMENT VALUES (14,'user05','user05',20,DEFAULT,DEFAULT,'Y','소개','가입경로');
INSERT INTO CLUB_MANAGEMENT VALUES (14,'user06','user06',20,DEFAULT,DEFAULT,'Y','소개','가입경로');
INSERT INTO CLUB_MANAGEMENT VALUES (14,'user07','user07',20,DEFAULT,DEFAULT,'Y','소개','가입경로');
INSERT INTO CLUB_MANAGEMENT VALUES (14,'user08','user08',20,DEFAULT,DEFAULT,'Y','소개','가입경로');
INSERT INTO CLUB_MANAGEMENT VALUES (14,'user09','user09',20,DEFAULT,DEFAULT,'Y','소개','가입경로');
INSERT INTO CLUB_MANAGEMENT VALUES (14,'user10','user10',20,DEFAULT,DEFAULT,'Y','소개','가입경로');
INSERT INTO CLUB_MANAGEMENT VALUES (14,'user11','user11',20,DEFAULT,DEFAULT,'Y','소개','가입경로');
INSERT INTO CLUB_MANAGEMENT VALUES (14,'user12','user12',20,DEFAULT,DEFAULT,'Y','소개','가입경로');
INSERT INTO CLUB_MANAGEMENT VALUES (14,'user13','user13',20,DEFAULT,DEFAULT,'Y','소개','가입경로');
INSERT INTO CLUB_MANAGEMENT VALUES (14,'user14','user14',20,DEFAULT,DEFAULT,'Y','소개','가입경로');
INSERT INTO CLUB_MANAGEMENT VALUES (14,'user15','user15',20,DEFAULT,DEFAULT,'Y','소개','가입경로');
INSERT INTO CLUB_MANAGEMENT VALUES (14,'user16','user16',20,DEFAULT,DEFAULT,'Y','소개','가입경로');
INSERT INTO CLUB_MANAGEMENT VALUES (14,'user17','user17',20,DEFAULT,DEFAULT,'Y','소개','가입경로');
INSERT INTO CLUB_MANAGEMENT VALUES (14,'user18','user18',20,DEFAULT,DEFAULT,'Y','소개','가입경로');
INSERT INTO CLUB_MANAGEMENT VALUES (14,'user19','user19',20,DEFAULT,DEFAULT,'Y','소개','가입경로');
INSERT INTO CLUB_MANAGEMENT VALUES (14,'user20','user20',20,DEFAULT,DEFAULT,'Y','소개','가입경로');
INSERT INTO CLUB_MANAGEMENT VALUES (14,'user21','user21',20,DEFAULT,DEFAULT,'Y','소개','가입경로');
INSERT INTO CLUB_MANAGEMENT VALUES (14,'user22','user22',20,DEFAULT,DEFAULT,'Y','소개','가입경로');
INSERT INTO CLUB_MANAGEMENT VALUES (14,'user23','user23',20,DEFAULT,DEFAULT,'Y','소개','가입경로');
INSERT INTO CLUB_MANAGEMENT VALUES (14,'user24','user24',20,DEFAULT,DEFAULT,'Y','소개','가입경로');
INSERT INTO CLUB_MANAGEMENT VALUES (14,'user25','user25',20,DEFAULT,DEFAULT,'Y','소개','가입경로');

-- 소모임 게시판
INSERT INTO CLUB_POST VALUES(SEQ_CLUB_POST.NEXTVAL,14,'user05',0,'안녕하세요 새로 가입했어요~','안녕하세요 이번에 지인 추천으로 가입했습니다! 잘부탁드려요~',DEFAULT);
INSERT INTO CLUB_POST VALUES(SEQ_CLUB_POST.NEXTVAL,14,'user07',2,'주말에 같이 북한산 등한하실분 있으신가요??','이번주 주말에 북한산 갈려고 하는데 혹시 시간 괜찮으신분 있으시면 같이가요~ㅎㅎ',DEFAULT);
INSERT INTO CLUB_POST VALUES(SEQ_CLUB_POST.NEXTVAL,14,'user09',0,'등산이 너무 하고싶어요ㅠ','주말에 등산 안가고 이렇게 집에만 있으니까 왜 시간이 안가죠ㅠㅠ 주말 집에서 알차게 쉬는 방법이 모가있을까요?ㅠㅠㅠ',DEFAULT);
INSERT INTO CLUB_POST VALUES(SEQ_CLUB_POST.NEXTVAL,14,'user13',0,'여러분 혹시 북한산 근처 맛집좀 알려주실수 있나요??','이번에 가족들이랑 북한산에 가기로 했는데 등산후에 가족들이랑 식사를 할려 하는데 혹시 맛집 추천좀 해주실수 있나요?? 알려주시면 너무너무 감사하겠습니다ㅎㅎ',DEFAULT);
INSERT INTO CLUB_POST VALUES(SEQ_CLUB_POST.NEXTVAL,14,'user10',6,'우와 저희 소모임 게시판이 따로 있군요??','여기서 자유롭게 글올리고 소통할수 있는건가요?? 너무 좋네요!!',DEFAULT);
INSERT INTO CLUB_POST VALUES(SEQ_CLUB_POST.NEXTVAL,14,'user11',0,'여러분들은 올해 휴가계획이 있으신가요??','저희는 이제 휴가계획을 짜고 있는데 저희는 산으로 가고 싶은데 아이들은 바다로 가자고 해서 의견이 서로 맞질 않아서 너무 힘이들어요ㅠㅠ 여러분들인 이번에 휴가 다들 어디로 떠나시나요??',DEFAULT);
INSERT INTO CLUB_POST VALUES(SEQ_CLUB_POST.NEXTVAL,14,'user13',0,'오늘 등산화가 결국 사망했어요ㅠㅠ','등산화가 계속 말썽이더니 오늘 결국에는 뜯어져버렸어요ㅠㅠ 어휴.... 이번에는 등산화를 좀 튼튼한 녀석으로 사야겠어요 등산화는 어디 브랜드가 좋나요??',DEFAULT);
INSERT INTO CLUB_POST VALUES(SEQ_CLUB_POST.NEXTVAL,14,'user02',0,'진짜 등산하고 싶은 날씨네요ㅠㅠ','오늘 날씨가 너무 좋아서 진짜 등산하고 싶은 날씬데 코로나 때문에 등산을 갈수가 없다는게 너무 마음이 아프네요ㅠㅠ 다른분들은 등산을 안가고 시간을 보내시나요??',DEFAULT);
INSERT INTO CLUB_POST VALUES(SEQ_CLUB_POST.NEXTVAL,14,'user03',3,'혼자서 산에 다녀왓어요!!','산에 너무 가고 싶어서 몇일전에 혼자 산에 다녀왓네요ㅎㅎ 얼른 여러분들과 함께 등산 가고싶습니다!!',DEFAULT);
INSERT INTO CLUB_POST VALUES(SEQ_CLUB_POST.NEXTVAL,14,'user08',13,'오늘 여러분 하늘 보셨나요???','오늘 하늘이 너무 이뻐요!!! 다들 바쁘신 하루에 하늘 한번씩 보시면서 마음의 여유를 찾으세요~',DEFAULT);
INSERT INTO CLUB_POST VALUES(SEQ_CLUB_POST.NEXTVAL,14,'user04',10,'등산해서 진짜 단풍구경 하고 싶어요','진짜 단풍 이쁘게 물들었을거 같은데 보러가고 싶어요 우린 언제쯤 마스크 안쓰고 등산 가서 단풍구경을 할까요ㅠㅠ',DEFAULT);
INSERT INTO CLUB_POST VALUES(SEQ_CLUB_POST.NEXTVAL,14,'user01',15,'이번주 주말에 저희 소모임 정모 있습니다~','이번주 주말에 다같이 등산 후에 간단하게 저녁식사를 하려고 합니다. 혹시 시간 괜찮으신 분들은 참석해주시면 감사하겠습니다ㅎㅎ 등산만 하고 가셔도 괜찮습니다!!',DEFAULT);

--소모임 이미지 파일
INSERT INTO CLUB_POST_FILE VALUES(9,14,'user03','등산로1.jpg','D:\team\Santada\WebContent\clubUpload\등산로1.jpg',13392,DEFAULT);
INSERT INTO CLUB_POST_FILE VALUES(10,14,'user08','날씨좋은 날1.jpg','D:\team\Santada\WebContent\clubUpload\날씨좋은 날1.jpg',11766,DEFAULT);
INSERT INTO CLUB_POST_FILE VALUES(11,14,'user04','단풍사진11.jpg','D:\team\Santada\WebContent\clubUpload\단풍사진11.jpg',13401,DEFAULT);

--소모임 게시글 댓글
INSERT INTO CP_REPLY VALUES(SEQ_CP_REPLY_NO.NEXTVAL,11,'그러게요 진짜 오늘 등산하고 싶은 날씨에요ㅠㅠㅠ','user02',DEFAULT);
INSERT INTO CP_REPLY VALUES(SEQ_CP_REPLY_NO.NEXTVAL,12,'오오!!! 저 참석합니다!! 가요 갑니다 무.조.건.갑.니.다!!ㅎㅎ','user02',DEFAULT);
INSERT INTO CP_REPLY VALUES(SEQ_CP_REPLY_NO.NEXTVAL,12,'저두 갈래요 저두ㅎㅎ','user07',DEFAULT);
INSERT INTO CP_REPLY VALUES(SEQ_CP_REPLY_NO.NEXTVAL,12,'ㅠㅠ 저는 저녁식사까진 무리지만 등산은 참여하겠습니다!','user11',DEFAULT);

-- 보낸 쪽지함( USER_ID = user01 )
INSERT INTO DM VALUES(SEQ_LETTER.NEXTVAL,'user01','편지입니다.','khuser1',DEFAULT,'편지입니다.');
INSERT INTO DM VALUES(SEQ_LETTER.NEXTVAL,'user01','안녕하세요~','khuser1',DEFAULT,'안녕하세요~');
INSERT INTO DM VALUES(SEQ_LETTER.NEXTVAL,'user01','산타다입니다~','khuser1',DEFAULT,'산타다입니다~');
INSERT INTO DM VALUES(SEQ_LETTER.NEXTVAL,'user01','만나서 반가워요ㅎㅎ','khuser1',DEFAULT,'만나서 반가워요ㅎㅎ');
INSERT INTO DM VALUES(SEQ_LETTER.NEXTVAL,'user01','SANTADA','khuser1',DEFAULT,'SANTADA');
INSERT INTO DM VALUES(SEQ_LETTER.NEXTVAL,'user01','편지입니다.','khuser1',DEFAULT,'편지입니다.');
INSERT INTO DM VALUES(SEQ_LETTER.NEXTVAL,'user01','안녕하세요~','khuser1',DEFAULT,'안녕하세요~');
INSERT INTO DM VALUES(SEQ_LETTER.NEXTVAL,'user01','산타다입니다~','khuser1',DEFAULT,'산타다입니다~');
INSERT INTO DM VALUES(SEQ_LETTER.NEXTVAL,'user01','만나서 반가워요ㅎㅎ','khuser1',DEFAULT,'만나서 반가워요ㅎㅎ');
INSERT INTO DM VALUES(SEQ_LETTER.NEXTVAL,'user01','SANTADA','khuser1',DEFAULT,'SANTADA');
INSERT INTO DM VALUES(SEQ_LETTER.NEXTVAL,'user01','편지입니다.','khuser1',DEFAULT,'편지입니다.');
INSERT INTO DM VALUES(SEQ_LETTER.NEXTVAL,'user01','안녕하세요~','khuser1',DEFAULT,'안녕하세요~');
INSERT INTO DM VALUES(SEQ_LETTER.NEXTVAL,'user01','산타다입니다~','khuser1',DEFAULT,'산타다입니다~');
INSERT INTO DM VALUES(SEQ_LETTER.NEXTVAL,'user01','만나서 반가워요ㅎㅎ','khuser1',DEFAULT,'만나서 반가워요ㅎㅎ');
INSERT INTO DM VALUES(SEQ_LETTER.NEXTVAL,'user01','SANTADA','khuser1',DEFAULT,'SANTADA');
INSERT INTO DM VALUES(SEQ_LETTER.NEXTVAL,'user01','편지입니다.','khuser1',DEFAULT,'편지입니다.');
INSERT INTO DM VALUES(SEQ_LETTER.NEXTVAL,'user01','안녕하세요~','khuser1',DEFAULT,'안녕하세요~');
INSERT INTO DM VALUES(SEQ_LETTER.NEXTVAL,'user01','산타다입니다~','khuser1',DEFAULT,'산타다입니다~');
INSERT INTO DM VALUES(SEQ_LETTER.NEXTVAL,'user01','만나서 반가워요ㅎㅎ','khuser1',DEFAULT,'만나서 반가워요ㅎㅎ');
INSERT INTO DM VALUES(SEQ_LETTER.NEXTVAL,'user01','SANTADA','khuser1',DEFAULT,'SANTADA');
INSERT INTO DM VALUES(SEQ_LETTER.NEXTVAL,'user01','편지입니다.','khuser1',DEFAULT,'편지입니다.');
INSERT INTO DM VALUES(SEQ_LETTER.NEXTVAL,'user01','안녕하세요~','khuser1',DEFAULT,'안녕하세요~');
INSERT INTO DM VALUES(SEQ_LETTER.NEXTVAL,'user01','산타다입니다~','khuser1',DEFAULT,'산타다입니다~');
INSERT INTO DM VALUES(SEQ_LETTER.NEXTVAL,'user01','만나서 반가워요ㅎㅎ','khuser1',DEFAULT,'만나서 반가워요ㅎㅎ');
INSERT INTO DM VALUES(SEQ_LETTER.NEXTVAL,'user01','SANTADA','khuser1',DEFAULT,'SANTADA');
INSERT INTO DM VALUES(SEQ_LETTER.NEXTVAL,'user01','편지입니다.','khuser1',DEFAULT,'편지입니다.');
INSERT INTO DM VALUES(SEQ_LETTER.NEXTVAL,'user01','안녕하세요~','khuser1',DEFAULT,'안녕하세요~');
INSERT INTO DM VALUES(SEQ_LETTER.NEXTVAL,'user01','산타다입니다~','khuser1',DEFAULT,'산타다입니다~');
INSERT INTO DM VALUES(SEQ_LETTER.NEXTVAL,'user01','만나서 반가워요ㅎㅎ','khuser1',DEFAULT,'만나서 반가워요ㅎㅎ');
INSERT INTO DM VALUES(SEQ_LETTER.NEXTVAL,'user01','SANTADA','khuser1',DEFAULT,'SANTADA');
INSERT INTO DM VALUES(SEQ_LETTER.NEXTVAL,'user01','편지입니다.','khuser1',DEFAULT,'편지입니다.');
INSERT INTO DM VALUES(SEQ_LETTER.NEXTVAL,'user01','안녕하세요~','khuser1',DEFAULT,'안녕하세요~');
INSERT INTO DM VALUES(SEQ_LETTER.NEXTVAL,'user01','산타다입니다~','khuser1',DEFAULT,'산타다입니다~');
INSERT INTO DM VALUES(SEQ_LETTER.NEXTVAL,'user01','만나서 반가워요ㅎㅎ','khuser1',DEFAULT,'만나서 반가워요ㅎㅎ');
INSERT INTO DM VALUES(SEQ_LETTER.NEXTVAL,'user01','SANTADA','khuser1',DEFAULT,'SANTADA');
INSERT INTO DM VALUES(SEQ_LETTER.NEXTVAL,'user01','편지입니다.','khuser1',DEFAULT,'편지입니다.');
INSERT INTO DM VALUES(SEQ_LETTER.NEXTVAL,'user01','안녕하세요~','khuser1',DEFAULT,'안녕하세요~');
INSERT INTO DM VALUES(SEQ_LETTER.NEXTVAL,'user01','산타다입니다~','khuser1',DEFAULT,'산타다입니다~');
INSERT INTO DM VALUES(SEQ_LETTER.NEXTVAL,'user01','만나서 반가워요ㅎㅎ','khuser1',DEFAULT,'만나서 반가워요ㅎㅎ');
INSERT INTO DM VALUES(SEQ_LETTER.NEXTVAL,'user01','SANTADA','khuser1',DEFAULT,'SANTADA');
INSERT INTO DM VALUES(SEQ_LETTER.NEXTVAL,'user01','편지입니다.','khuser1',DEFAULT,'편지입니다.');
INSERT INTO DM VALUES(SEQ_LETTER.NEXTVAL,'user01','안녕하세요~','khuser1',DEFAULT,'안녕하세요~');
INSERT INTO DM VALUES(SEQ_LETTER.NEXTVAL,'user01','산타다입니다~','khuser1',DEFAULT,'산타다입니다~');
INSERT INTO DM VALUES(SEQ_LETTER.NEXTVAL,'user01','만나서 반가워요ㅎㅎ','khuser1',DEFAULT,'만나서 반가워요ㅎㅎ');
INSERT INTO DM VALUES(SEQ_LETTER.NEXTVAL,'user01','SANTADA','khuser1',DEFAULT,'SANTADA');
INSERT INTO DM VALUES(SEQ_LETTER.NEXTVAL,'user01','편지입니다.','khuser1',DEFAULT,'편지입니다.');
INSERT INTO DM VALUES(SEQ_LETTER.NEXTVAL,'user01','안녕하세요~','khuser1',DEFAULT,'안녕하세요~');
INSERT INTO DM VALUES(SEQ_LETTER.NEXTVAL,'user01','산타다입니다~','khuser1',DEFAULT,'산타다입니다~');
INSERT INTO DM VALUES(SEQ_LETTER.NEXTVAL,'user01','만나서 반가워요ㅎㅎ','khuser1',DEFAULT,'만나서 반가워요ㅎㅎ');
INSERT INTO DM VALUES(SEQ_LETTER.NEXTVAL,'user01','편지입니다.','khuser1',DEFAULT,'편지입니다.');
INSERT INTO DM VALUES(SEQ_LETTER.NEXTVAL,'user01','안녕하세요~','khuser1',DEFAULT,'안녕하세요~');
INSERT INTO DM VALUES(SEQ_LETTER.NEXTVAL,'user01','산타다입니다~','khuser1',DEFAULT,'산타다입니다~');
INSERT INTO DM VALUES(SEQ_LETTER.NEXTVAL,'user01','만나서 반가워요ㅎㅎ','khuser1',DEFAULT,'만나서 반가워요ㅎㅎ');
INSERT INTO DM VALUES(SEQ_LETTER.NEXTVAL,'user01','SANTADA','khuser1',DEFAULT,'SANTADA');
INSERT INTO DM VALUES(SEQ_LETTER.NEXTVAL,'user01','편지입니다.','khuser1',DEFAULT,'편지입니다.');
INSERT INTO DM VALUES(SEQ_LETTER.NEXTVAL,'user01','안녕하세요~','khuser1',DEFAULT,'안녕하세요~');
INSERT INTO DM VALUES(SEQ_LETTER.NEXTVAL,'user01','산타다입니다~','khuser1',DEFAULT,'산타다입니다~');
INSERT INTO DM VALUES(SEQ_LETTER.NEXTVAL,'user01','만나서 반가워요ㅎㅎ','khuser1',DEFAULT,'만나서 반가워요ㅎㅎ');
INSERT INTO DM VALUES(SEQ_LETTER.NEXTVAL,'user01','SANTADA','khuser1',DEFAULT,'SANTADA');
INSERT INTO DM VALUES(SEQ_LETTER.NEXTVAL,'user01','편지입니다.','khuser1',DEFAULT,'편지입니다.');
INSERT INTO DM VALUES(SEQ_LETTER.NEXTVAL,'user01','안녕하세요~','khuser1',DEFAULT,'안녕하세요~');
INSERT INTO DM VALUES(SEQ_LETTER.NEXTVAL,'user01','산타다입니다~','khuser1',DEFAULT,'산타다입니다~');
INSERT INTO DM VALUES(SEQ_LETTER.NEXTVAL,'user01','만나서 반가워요ㅎㅎ','khuser1',DEFAULT,'만나서 반가워요ㅎㅎ');
INSERT INTO DM VALUES(SEQ_LETTER.NEXTVAL,'user01','SANTADA','khuser1',DEFAULT,'SANTADA');
INSERT INTO DM VALUES(SEQ_LETTER.NEXTVAL,'user01','편지입니다.','khuser1',DEFAULT,'편지입니다.');
INSERT INTO DM VALUES(SEQ_LETTER.NEXTVAL,'user01','안녕하세요~','khuser1',DEFAULT,'안녕하세요~');
INSERT INTO DM VALUES(SEQ_LETTER.NEXTVAL,'user01','산타다입니다~','khuser1',DEFAULT,'산타다입니다~');
INSERT INTO DM VALUES(SEQ_LETTER.NEXTVAL,'user01','만나서 반가워요ㅎㅎ','khuser1',DEFAULT,'만나서 반가워요ㅎㅎ');
INSERT INTO DM VALUES(SEQ_LETTER.NEXTVAL,'user01','SANTADA','khuser1',DEFAULT,'SANTADA');
INSERT INTO DM VALUES(SEQ_LETTER.NEXTVAL,'user01','편지입니다.','khuser1',DEFAULT,'편지입니다.');
INSERT INTO DM VALUES(SEQ_LETTER.NEXTVAL,'user01','안녕하세요~','khuser1',DEFAULT,'안녕하세요~');
INSERT INTO DM VALUES(SEQ_LETTER.NEXTVAL,'user01','산타다입니다~','khuser1',DEFAULT,'산타다입니다~');
INSERT INTO DM VALUES(SEQ_LETTER.NEXTVAL,'user01','만나서 반가워요ㅎㅎ','khuser1',DEFAULT,'만나서 반가워요ㅎㅎ');

-- 받은 쪽지함 ( USER_ID = user01 )
INSERT INTO DM VALUES(SEQ_LETTER.NEXTVAL,'khuser1','편지입니다.','user01',DEFAULT,'편지입니다.');
INSERT INTO DM VALUES(SEQ_LETTER.NEXTVAL,'khuser1','안녕하세요~','user01',DEFAULT,'안녕하세요~');
INSERT INTO DM VALUES(SEQ_LETTER.NEXTVAL,'khuser1','산타다입니다~','user01',DEFAULT,'산타다입니다~');
INSERT INTO DM VALUES(SEQ_LETTER.NEXTVAL,'khuser1','만나서 반가워요ㅎㅎ','user01',DEFAULT,'만나서 반가워요ㅎㅎ');
INSERT INTO DM VALUES(SEQ_LETTER.NEXTVAL,'khuser1','SANTADA','user01',DEFAULT,'SANTADA');
INSERT INTO DM VALUES(SEQ_LETTER.NEXTVAL,'khuser1','편지입니다.','user01',DEFAULT,'편지입니다.');
INSERT INTO DM VALUES(SEQ_LETTER.NEXTVAL,'khuser1','안녕하세요~','user01',DEFAULT,'안녕하세요~');
INSERT INTO DM VALUES(SEQ_LETTER.NEXTVAL,'khuser1','산타다입니다~','user01',DEFAULT,'산타다입니다~');
INSERT INTO DM VALUES(SEQ_LETTER.NEXTVAL,'khuser1','만나서 반가워요ㅎㅎ','user01',DEFAULT,'만나서 반가워요ㅎㅎ');
INSERT INTO DM VALUES(SEQ_LETTER.NEXTVAL,'khuser1','SANTADA','user01',DEFAULT,'SANTADA');
INSERT INTO DM VALUES(SEQ_LETTER.NEXTVAL,'khuser1','편지입니다.','user01',DEFAULT,'편지입니다.');
INSERT INTO DM VALUES(SEQ_LETTER.NEXTVAL,'khuser1','안녕하세요~','user01',DEFAULT,'안녕하세요~');
INSERT INTO DM VALUES(SEQ_LETTER.NEXTVAL,'khuser1','산타다입니다~','user01',DEFAULT,'산타다입니다~');
INSERT INTO DM VALUES(SEQ_LETTER.NEXTVAL,'khuser1','만나서 반가워요ㅎㅎ','user01',DEFAULT,'만나서 반가워요ㅎㅎ');
INSERT INTO DM VALUES(SEQ_LETTER.NEXTVAL,'khuser1','SANTADA','user01',DEFAULT,'SANTADA');
INSERT INTO DM VALUES(SEQ_LETTER.NEXTVAL,'khuser1','편지입니다.','user01',DEFAULT,'편지입니다.');
INSERT INTO DM VALUES(SEQ_LETTER.NEXTVAL,'khuser1','안녕하세요~','user01',DEFAULT,'안녕하세요~');
INSERT INTO DM VALUES(SEQ_LETTER.NEXTVAL,'khuser1','산타다입니다~','user01',DEFAULT,'산타다입니다~');
INSERT INTO DM VALUES(SEQ_LETTER.NEXTVAL,'khuser1','만나서 반가워요ㅎㅎ','user01',DEFAULT,'만나서 반가워요ㅎㅎ');
INSERT INTO DM VALUES(SEQ_LETTER.NEXTVAL,'khuser1','SANTADA','user01',DEFAULT,'SANTADA');
INSERT INTO DM VALUES(SEQ_LETTER.NEXTVAL,'khuser1','편지입니다.','user01',DEFAULT,'편지입니다.');
INSERT INTO DM VALUES(SEQ_LETTER.NEXTVAL,'khuser1','안녕하세요~','user01',DEFAULT,'안녕하세요~');
INSERT INTO DM VALUES(SEQ_LETTER.NEXTVAL,'khuser1','산타다입니다~','user01',DEFAULT,'산타다입니다~');
INSERT INTO DM VALUES(SEQ_LETTER.NEXTVAL,'khuser1','만나서 반가워요ㅎㅎ','user01',DEFAULT,'만나서 반가워요ㅎㅎ');
INSERT INTO DM VALUES(SEQ_LETTER.NEXTVAL,'khuser1','SANTADA','user01',DEFAULT,'SANTADA');
INSERT INTO DM VALUES(SEQ_LETTER.NEXTVAL,'khuser1','편지입니다.','user01',DEFAULT,'편지입니다.');
INSERT INTO DM VALUES(SEQ_LETTER.NEXTVAL,'khuser1','안녕하세요~','user01',DEFAULT,'안녕하세요~');
INSERT INTO DM VALUES(SEQ_LETTER.NEXTVAL,'khuser1','산타다입니다~','user01',DEFAULT,'산타다입니다~');
INSERT INTO DM VALUES(SEQ_LETTER.NEXTVAL,'khuser1','만나서 반가워요ㅎㅎ','user01',DEFAULT,'만나서 반가워요ㅎㅎ');
INSERT INTO DM VALUES(SEQ_LETTER.NEXTVAL,'khuser1','SANTADA','user01',DEFAULT,'SANTADA');
INSERT INTO DM VALUES(SEQ_LETTER.NEXTVAL,'khuser1','편지입니다.','user01',DEFAULT,'편지입니다.');
INSERT INTO DM VALUES(SEQ_LETTER.NEXTVAL,'khuser1','안녕하세요~','user01',DEFAULT,'안녕하세요~');
INSERT INTO DM VALUES(SEQ_LETTER.NEXTVAL,'khuser1','산타다입니다~','user01',DEFAULT,'산타다입니다~');
INSERT INTO DM VALUES(SEQ_LETTER.NEXTVAL,'khuser1','만나서 반가워요ㅎㅎ','user01',DEFAULT,'만나서 반가워요ㅎㅎ');
INSERT INTO DM VALUES(SEQ_LETTER.NEXTVAL,'khuser1','SANTADA','user01',DEFAULT,'SANTADA');
INSERT INTO DM VALUES(SEQ_LETTER.NEXTVAL,'khuser1','SANTADA','user01',DEFAULT,'SANTADA');
INSERT INTO DM VALUES(SEQ_LETTER.NEXTVAL,'khuser1','편지입니다.','user01',DEFAULT,'편지입니다.');
INSERT INTO DM VALUES(SEQ_LETTER.NEXTVAL,'khuser1','안녕하세요~','user01',DEFAULT,'안녕하세요~');
INSERT INTO DM VALUES(SEQ_LETTER.NEXTVAL,'khuser1','산타다입니다~','user01',DEFAULT,'산타다입니다~');
INSERT INTO DM VALUES(SEQ_LETTER.NEXTVAL,'khuser1','만나서 반가워요ㅎㅎ','user01',DEFAULT,'만나서 반가워요ㅎㅎ');
INSERT INTO DM VALUES(SEQ_LETTER.NEXTVAL,'khuser1','SANTADA','user01',DEFAULT,'SANTADA');
INSERT INTO DM VALUES(SEQ_LETTER.NEXTVAL,'khuser1','SANTADA','user01',DEFAULT,'SANTADA');
INSERT INTO DM VALUES(SEQ_LETTER.NEXTVAL,'khuser1','편지입니다.','user01',DEFAULT,'편지입니다.');
INSERT INTO DM VALUES(SEQ_LETTER.NEXTVAL,'khuser1','안녕하세요~','user01',DEFAULT,'안녕하세요~');
INSERT INTO DM VALUES(SEQ_LETTER.NEXTVAL,'khuser1','산타다입니다~','user01',DEFAULT,'산타다입니다~');
INSERT INTO DM VALUES(SEQ_LETTER.NEXTVAL,'khuser1','만나서 반가워요ㅎㅎ','user01',DEFAULT,'만나서 반가워요ㅎㅎ');
INSERT INTO DM VALUES(SEQ_LETTER.NEXTVAL,'khuser1','SANTADA','user01',DEFAULT,'SANTADA');
INSERT INTO DM VALUES(SEQ_LETTER.NEXTVAL,'khuser1','편지입니다.','user01',DEFAULT,'편지입니다.');
INSERT INTO DM VALUES(SEQ_LETTER.NEXTVAL,'khuser1','안녕하세요~','user01',DEFAULT,'안녕하세요~');
INSERT INTO DM VALUES(SEQ_LETTER.NEXTVAL,'khuser1','산타다입니다~','user01',DEFAULT,'산타다입니다~');
INSERT INTO DM VALUES(SEQ_LETTER.NEXTVAL,'khuser1','만나서 반가워요ㅎㅎ','user01',DEFAULT,'만나서 반가워요ㅎㅎ');
INSERT INTO DM VALUES(SEQ_LETTER.NEXTVAL,'khuser1','SANTADA','user01',DEFAULT,'SANTADA');
INSERT INTO DM VALUES(SEQ_LETTER.NEXTVAL,'khuser1','편지입니다.','user01',DEFAULT,'편지입니다.');
INSERT INTO DM VALUES(SEQ_LETTER.NEXTVAL,'khuser1','안녕하세요~','user01',DEFAULT,'안녕하세요~');
INSERT INTO DM VALUES(SEQ_LETTER.NEXTVAL,'khuser1','산타다입니다~','user01',DEFAULT,'산타다입니다~');
INSERT INTO DM VALUES(SEQ_LETTER.NEXTVAL,'khuser1','만나서 반가워요ㅎㅎ','user01',DEFAULT,'만나서 반가워요ㅎㅎ');
INSERT INTO DM VALUES(SEQ_LETTER.NEXTVAL,'khuser1','SANTADA','user01',DEFAULT,'SANTADA');
INSERT INTO DM VALUES(SEQ_LETTER.NEXTVAL,'khuser1','편지입니다.','user01',DEFAULT,'편지입니다.');
INSERT INTO DM VALUES(SEQ_LETTER.NEXTVAL,'khuser1','안녕하세요~','user01',DEFAULT,'안녕하세요~');
INSERT INTO DM VALUES(SEQ_LETTER.NEXTVAL,'khuser1','산타다입니다~','user01',DEFAULT,'산타다입니다~');
INSERT INTO DM VALUES(SEQ_LETTER.NEXTVAL,'khuser1','만나서 반가워요ㅎㅎ','user01',DEFAULT,'만나서 반가워요ㅎㅎ');
INSERT INTO DM VALUES(SEQ_LETTER.NEXTVAL,'khuser1','SANTADA','user01',DEFAULT,'SANTADA');
INSERT INTO DM VALUES(SEQ_LETTER.NEXTVAL,'khuser1','SANTADA','user01',DEFAULT,'SANTADA');
INSERT INTO DM VALUES(SEQ_LETTER.NEXTVAL,'khuser1','편지입니다.','user01',DEFAULT,'편지입니다.');
INSERT INTO DM VALUES(SEQ_LETTER.NEXTVAL,'khuser1','안녕하세요~','user01',DEFAULT,'안녕하세요~');
INSERT INTO DM VALUES(SEQ_LETTER.NEXTVAL,'khuser1','산타다입니다~','user01',DEFAULT,'산타다입니다~');
INSERT INTO DM VALUES(SEQ_LETTER.NEXTVAL,'khuser1','만나서 반가워요ㅎㅎ','user01',DEFAULT,'만나서 반가워요ㅎㅎ');
INSERT INTO DM VALUES(SEQ_LETTER.NEXTVAL,'khuser1','SANTADA','user01',DEFAULT,'SANTADA');

-- 신고 내역 ( USER_ID = user01 )
INSERT INTO REPORT VALUES(SEQ_REPORT.NEXTVAL,'user01','신고','신고','사기 당했어요ㅠㅠ','도와주세요 ㅠㅠ','N',1,DEFAULT);
INSERT INTO REPORT VALUES(SEQ_REPORT.NEXTVAL,'user01','신고','신고','사기 당했어요ㅠㅠ','도와주세요 ㅠㅠ','Y',2,DEFAULT);
INSERT INTO REPORT VALUES(SEQ_REPORT.NEXTVAL,'user01','신고','신고','사기 당했어요ㅠㅠ','도와주세요 ㅠㅠ','N',3,DEFAULT);
INSERT INTO REPORT VALUES(SEQ_REPORT.NEXTVAL,'user01','신고','신고','사기 당했어요ㅠㅠ','도와주세요 ㅠㅠ','Y',4,DEFAULT);
INSERT INTO REPORT VALUES(SEQ_REPORT.NEXTVAL,'user01','신고','신고','사기 당했어요ㅠㅠ','도와주세요 ㅠㅠ','N',5,DEFAULT);
INSERT INTO REPORT VALUES(SEQ_REPORT.NEXTVAL,'user01','신고','신고','사기 당했어요ㅠㅠ','도와주세요 ㅠㅠ','Y',6,DEFAULT);

-- 산 정보
-- 서울
INSERT INTO MOUNTAIN VALUES('백운대 코스', '1.9KM', '서울', '북한산', '001');
INSERT INTO MOUNTAIN VALUES('신선대 코스', '3.3KM', '서울', '북한산', '001');
INSERT INTO MOUNTAIN VALUES('우이암 코스', '3KM', '서울', '북한산', '001');
INSERT INTO MOUNTAIN VALUES('비봉 코스', '2KM', '서울', '북한산', '001');
-- 경기도
INSERT INTO MOUNTAIN VALUES('현충탑 코스', '4.2KM', '경기도', '검단산', '002');
-- 충청도
INSERT INTO MOUNTAIN VALUES('영봉 보덕암 코스', '6.2KM', '충청도', '월악산', '003');
INSERT INTO MOUNTAIN VALUES('구담봉 코스', '2KM', '충청도', '월악산', '003');
INSERT INTO MOUNTAIN VALUES('백두대간 코스', '10.7KM', '충청도', '월악산', '003');
INSERT INTO MOUNTAIN VALUES('천왕봉 왕복 코스', '16.1KM', '충청도', '속리산', '004');
INSERT INTO MOUNTAIN VALUES('문장대 코스', '6.6KM', '충청도', '속리산', '004');
INSERT INTO MOUNTAIN VALUES('동학사 왕복코스', '11.8KM', '충청도', '계룡산', '005');
INSERT INTO MOUNTAIN VALUES('수통골 왕복코스', '9KM', '충청도', '계룡산', '005');
-- 전라도
INSERT INTO MOUNTAIN VALUES('암마이봉 코스', '1.7KM', '전라도', '마이산', '006');
INSERT INTO MOUNTAIN VALUES('신선봉 코스', '7.4KM', '전라도', '내장산', '007');
INSERT INTO MOUNTAIN VALUES('백양사 종주 코스', '8.1KM', '전라도', '내장산', '007');
-- 경상도
INSERT INTO MOUNTAIN VALUES('밀재 코스', '9.1KM', '경상도', '대야산', '008');
INSERT INTO MOUNTAIN VALUES('노고단 코스', '4.7KM', '경상도', '지리산', '009');
INSERT INTO MOUNTAIN VALUES('구룡계곡 코스', '3.1KM', '경상도', '지리산', '009');
INSERT INTO MOUNTAIN VALUES('뱀사골계곡 코스', '9.2KM', '경상도', '지리산', '009');
INSERT INTO MOUNTAIN VALUES('비로봉 코스', '1.58KM', '경상도', '팔공산', '010');
-- 강원도
INSERT INTO MOUNTAIN VALUES('베틀바위 코스', '5.5KM', '강원도', '두타산', '011');
INSERT INTO MOUNTAIN VALUES('공룡능선 코스', '14.1KM', '강원도', '설악산', '012');
INSERT INTO MOUNTAIN VALUES('한계령 코스', '8.3KM', '강원도', '설악산', '012');
INSERT INTO MOUNTAIN VALUES('오색 코스', '5KM', '강원도', '설악산', '012');
INSERT INTO MOUNTAIN VALUES('백담사 코스', '6.5KM', '강원도', '설악산', '012');
-- 제주도
INSERT INTO MOUNTAIN VALUES('성판악 코스', '9.6KM', '제주도', '한라산', '013');
INSERT INTO MOUNTAIN VALUES('관음사 코스', '8.7KM', '제주도', '한라산', '013');

-- 등산인증 게시글
INSERT INTO MOUNTAIN_POST VALUES(SEQ_MOUNTAIN_POST.NEXTVAL,'북한산','user02','안녕하세요','다녀왔습니다.',DEFAULT,'서울','백운대 코스','3','2','3','먹을거 많이','등산 체인',0,DEFAULT);
INSERT INTO MOUNTAIN_POST VALUES(SEQ_MOUNTAIN_POST.NEXTVAL,'북한산','user02','안녕하세요','다녀왔습니다.',DEFAULT,'서울','백운대 코스','3','2','3','먹을거 많이','등산 체인',0,DEFAULT);
INSERT INTO MOUNTAIN_POST VALUES(SEQ_MOUNTAIN_POST.NEXTVAL,'북한산','user02','안녕하세요','다녀왔습니다.',DEFAULT,'서울','백운대 코스','3','2','3','먹을거 많이','등산 체인',0,DEFAULT);
INSERT INTO MOUNTAIN_POST VALUES(SEQ_MOUNTAIN_POST.NEXTVAL,'북한산','user02','안녕하세요','다녀왔습니다.',DEFAULT,'서울','백운대 코스','3','2','3','먹을거 많이','등산 체인',0,DEFAULT);
INSERT INTO MOUNTAIN_POST VALUES(SEQ_MOUNTAIN_POST.NEXTVAL,'북한산','user02','안녕하세요','다녀왔습니다.',DEFAULT,'서울','백운대 코스','3','2','3','먹을거 많이','등산 체인',0,DEFAULT);
INSERT INTO MOUNTAIN_POST VALUES(SEQ_MOUNTAIN_POST.NEXTVAL,'북한산','user01','가까운 북한산','지금 딱 좋아요',DEFAULT,'서울','신선대 코스','4','6','4','벌레가 많음','두꺼운 옷',0,DEFAULT);
INSERT INTO MOUNTAIN_POST VALUES(SEQ_MOUNTAIN_POST.NEXTVAL,'북한산','user01','가까운 북한산','지금 딱 좋아요',DEFAULT,'서울','신선대 코스','4','6','4','벌레가 많음','두꺼운 옷',0,DEFAULT);
INSERT INTO MOUNTAIN_POST VALUES(SEQ_MOUNTAIN_POST.NEXTVAL,'북한산','user01','가까운 북한산','지금 딱 좋아요',DEFAULT,'서울','신선대 코스','4','6','4','벌레가 많음','두꺼운 옷',0,DEFAULT);
INSERT INTO MOUNTAIN_POST VALUES(SEQ_MOUNTAIN_POST.NEXTVAL,'북한산','user01','가까운 북한산','지금 딱 좋아요',DEFAULT,'서울','신선대 코스','4','6','4','벌레가 많음','두꺼운 옷',0,DEFAULT);
INSERT INTO MOUNTAIN_POST VALUES(SEQ_MOUNTAIN_POST.NEXTVAL,'북한산','user01','가까운 북한산','지금 딱 좋아요',DEFAULT,'서울','신선대 코스','4','6','4','벌레가 많음','두꺼운 옷',0,DEFAULT);
INSERT INTO MOUNTAIN_POST VALUES(SEQ_MOUNTAIN_POST.NEXTVAL,'북한산','user05','북한산 다녀오셨나요?','추천합니다.',DEFAULT,'서울','우이암 코스','3','1','3','돌이 많아요','등산 스틱',0,DEFAULT);
INSERT INTO MOUNTAIN_POST VALUES(SEQ_MOUNTAIN_POST.NEXTVAL,'북한산','user05','북한산 다녀오셨나요?','추천합니다.',DEFAULT,'서울','우이암 코스','3','1','3','돌이 많아요','등산 스틱',0,DEFAULT);
INSERT INTO MOUNTAIN_POST VALUES(SEQ_MOUNTAIN_POST.NEXTVAL,'북한산','user05','북한산 다녀오셨나요?','추천합니다.',DEFAULT,'서울','우이암 코스','3','1','3','돌이 많아요','등산 스틱',0,DEFAULT);
INSERT INTO MOUNTAIN_POST VALUES(SEQ_MOUNTAIN_POST.NEXTVAL,'북한산','user05','북한산 다녀오셨나요?','추천합니다.',DEFAULT,'서울','우이암 코스','3','1','3','돌이 많아요','등산 스틱',0,DEFAULT);
INSERT INTO MOUNTAIN_POST VALUES(SEQ_MOUNTAIN_POST.NEXTVAL,'북한산','user05','북한산 다녀오셨나요?','추천합니다.',DEFAULT,'서울','우이암 코스','3','1','3','돌이 많아요','등산 스틱',0,DEFAULT);
INSERT INTO MOUNTAIN_POST VALUES(SEQ_MOUNTAIN_POST.NEXTVAL,'북한산','user11','비봉 코스는 처음 가봐요','조금 힘들었어요',DEFAULT,'서울','비봉 코스','4','4','4','경사가 심해요','아이젠',0,DEFAULT);
INSERT INTO MOUNTAIN_POST VALUES(SEQ_MOUNTAIN_POST.NEXTVAL,'북한산','user11','비봉 코스는 처음 가봐요','조금 힘들었어요',DEFAULT,'서울','비봉 코스','4','4','4','경사가 심해요','아이젠',0,DEFAULT);
INSERT INTO MOUNTAIN_POST VALUES(SEQ_MOUNTAIN_POST.NEXTVAL,'북한산','user11','비봉 코스는 처음 가봐요','조금 힘들었어요',DEFAULT,'서울','비봉 코스','4','4','4','경사가 심해요','아이젠',0,DEFAULT);
INSERT INTO MOUNTAIN_POST VALUES(SEQ_MOUNTAIN_POST.NEXTVAL,'북한산','user11','비봉 코스는 처음 가봐요','조금 힘들었어요',DEFAULT,'서울','비봉 코스','4','4','4','경사가 심해요','아이젠',0,DEFAULT);
INSERT INTO MOUNTAIN_POST VALUES(SEQ_MOUNTAIN_POST.NEXTVAL,'북한산','user11','비봉 코스는 처음 가봐요','조금 힘들었어요',DEFAULT,'서울','비봉 코스','4','4','4','경사가 심해요','아이젠',0,DEFAULT);
INSERT INTO MOUNTAIN_POST VALUES(SEQ_MOUNTAIN_POST.NEXTVAL,'검단산','user22','검단산을 잘 몰랐는데','지금도 잘 모르겠어요',DEFAULT,'경기도','현충탑 코스','3','2','4','왠지 모르겠지만 무릎이 많이 아파요','지팡이',0,DEFAULT);
INSERT INTO MOUNTAIN_POST VALUES(SEQ_MOUNTAIN_POST.NEXTVAL,'검단산','user22','검단산을 잘 몰랐는데','지금도 잘 모르겠어요',DEFAULT,'경기도','현충탑 코스','3','2','4','왠지 모르겠지만 무릎이 많이 아파요','지팡이',0,DEFAULT);
INSERT INTO MOUNTAIN_POST VALUES(SEQ_MOUNTAIN_POST.NEXTVAL,'검단산','user22','검단산을 잘 몰랐는데','지금도 잘 모르겠어요',DEFAULT,'경기도','현충탑 코스','3','2','4','왠지 모르겠지만 무릎이 많이 아파요','지팡이',0,DEFAULT);
INSERT INTO MOUNTAIN_POST VALUES(SEQ_MOUNTAIN_POST.NEXTVAL,'검단산','user22','검단산을 잘 몰랐는데','지금도 잘 모르겠어요',DEFAULT,'경기도','현충탑 코스','3','2','4','왠지 모르겠지만 무릎이 많이 아파요','지팡이',0,DEFAULT);
INSERT INTO MOUNTAIN_POST VALUES(SEQ_MOUNTAIN_POST.NEXTVAL,'검단산','user22','검단산을 잘 몰랐는데','지금도 잘 모르겠어요',DEFAULT,'경기도','현충탑 코스','3','2','4','왠지 모르겠지만 무릎이 많이 아파요','지팡이',0,DEFAULT);
INSERT INTO MOUNTAIN_POST VALUES(SEQ_MOUNTAIN_POST.NEXTVAL,'월악산','user07','월악산 now','다시 오고 싶어요',DEFAULT,'충청도','영봉 보덕암 코스','6','2','3','날씨를 잘 살펴야 겠어요','우비',0,DEFAULT);
INSERT INTO MOUNTAIN_POST VALUES(SEQ_MOUNTAIN_POST.NEXTVAL,'월악산','user07','월악산 now','다시 오고 싶어요',DEFAULT,'충청도','영봉 보덕암 코스','6','2','3','날씨를 잘 살펴야 겠어요','우비',0,DEFAULT);
INSERT INTO MOUNTAIN_POST VALUES(SEQ_MOUNTAIN_POST.NEXTVAL,'월악산','user07','월악산 now','다시 오고 싶어요',DEFAULT,'충청도','영봉 보덕암 코스','6','2','3','날씨를 잘 살펴야 겠어요','우비',0,DEFAULT);
INSERT INTO MOUNTAIN_POST VALUES(SEQ_MOUNTAIN_POST.NEXTVAL,'월악산','user07','월악산 now','다시 오고 싶어요',DEFAULT,'충청도','영봉 보덕암 코스','6','2','3','날씨를 잘 살펴야 겠어요','우비',0,DEFAULT);
INSERT INTO MOUNTAIN_POST VALUES(SEQ_MOUNTAIN_POST.NEXTVAL,'월악산','user07','월악산 now','다시 오고 싶어요',DEFAULT,'충청도','영봉 보덕암 코스','6','2','3','날씨를 잘 살펴야 겠어요','우비',0,DEFAULT);
INSERT INTO MOUNTAIN_POST VALUES(SEQ_MOUNTAIN_POST.NEXTVAL,'월악산','user04','구담봉 가보셨나요?','빨리 가보세요',DEFAULT,'충청도','구담봉 코스','5','3','1','산 속에 뱀이 많음','피리',0,DEFAULT);
INSERT INTO MOUNTAIN_POST VALUES(SEQ_MOUNTAIN_POST.NEXTVAL,'월악산','user04','구담봉 가보셨나요?','빨리 가보세요',DEFAULT,'충청도','구담봉 코스','5','3','1','산 속에 뱀이 많음','피리',0,DEFAULT);
INSERT INTO MOUNTAIN_POST VALUES(SEQ_MOUNTAIN_POST.NEXTVAL,'월악산','user04','구담봉 가보셨나요?','빨리 가보세요',DEFAULT,'충청도','구담봉 코스','5','3','1','산 속에 뱀이 많음','피리',0,DEFAULT);
INSERT INTO MOUNTAIN_POST VALUES(SEQ_MOUNTAIN_POST.NEXTVAL,'월악산','user04','구담봉 가보셨나요?','빨리 가보세요',DEFAULT,'충청도','구담봉 코스','5','3','1','산 속에 뱀이 많음','피리',0,DEFAULT);
INSERT INTO MOUNTAIN_POST VALUES(SEQ_MOUNTAIN_POST.NEXTVAL,'월악산','user04','구담봉 가보셨나요?','빨리 가보세요',DEFAULT,'충청도','구담봉 코스','5','3','1','산 속에 뱀이 많음','피리',0,DEFAULT);
INSERT INTO MOUNTAIN_POST VALUES(SEQ_MOUNTAIN_POST.NEXTVAL,'월악산','user06','백두대간 진짜 멋져요','경치가 정말 최고임',DEFAULT,'충청도','백두대간 코스','7','4','5','기온이 낮음','두꺼운 외투',0,DEFAULT);
INSERT INTO MOUNTAIN_POST VALUES(SEQ_MOUNTAIN_POST.NEXTVAL,'월악산','user06','백두대간 진짜 멋져요','경치가 정말 최고임',DEFAULT,'충청도','백두대간 코스','7','4','5','기온이 낮음','두꺼운 외투',0,DEFAULT);
INSERT INTO MOUNTAIN_POST VALUES(SEQ_MOUNTAIN_POST.NEXTVAL,'월악산','user06','백두대간 진짜 멋져요','경치가 정말 최고임',DEFAULT,'충청도','백두대간 코스','7','4','5','기온이 낮음','두꺼운 외투',0,DEFAULT);
INSERT INTO MOUNTAIN_POST VALUES(SEQ_MOUNTAIN_POST.NEXTVAL,'월악산','user06','백두대간 진짜 멋져요','경치가 정말 최고임',DEFAULT,'충청도','백두대간 코스','7','4','5','기온이 낮음','두꺼운 외투',0,DEFAULT);
INSERT INTO MOUNTAIN_POST VALUES(SEQ_MOUNTAIN_POST.NEXTVAL,'월악산','user06','백두대간 진짜 멋져요','경치가 정말 최고임',DEFAULT,'충청도','백두대간 코스','7','4','5','기온이 낮음','두꺼운 외투',0,DEFAULT);
INSERT INTO MOUNTAIN_POST VALUES(SEQ_MOUNTAIN_POST.NEXTVAL,'속리산','user03','속리산 가보셨죠?','저는 다섯번째임',DEFAULT,'충청도','천왕봉 왕복 코스','5','3','4','왕복이라 힘들다','여러 주전부리',0,DEFAULT);
INSERT INTO MOUNTAIN_POST VALUES(SEQ_MOUNTAIN_POST.NEXTVAL,'속리산','user03','속리산 가보셨죠?','저는 다섯번째임',DEFAULT,'충청도','천왕봉 왕복 코스','5','3','4','왕복이라 힘들다','여러 주전부리',0,DEFAULT);
INSERT INTO MOUNTAIN_POST VALUES(SEQ_MOUNTAIN_POST.NEXTVAL,'속리산','user03','속리산 가보셨죠?','저는 다섯번째임',DEFAULT,'충청도','천왕봉 왕복 코스','5','3','4','왕복이라 힘들다','여러 주전부리',0,DEFAULT);
INSERT INTO MOUNTAIN_POST VALUES(SEQ_MOUNTAIN_POST.NEXTVAL,'속리산','user03','속리산 가보셨죠?','저는 다섯번째임',DEFAULT,'충청도','천왕봉 왕복 코스','5','3','4','왕복이라 힘들다','여러 주전부리',0,DEFAULT);
INSERT INTO MOUNTAIN_POST VALUES(SEQ_MOUNTAIN_POST.NEXTVAL,'속리산','user03','속리산 가보셨죠?','저는 다섯번째임',DEFAULT,'충청도','천왕봉 왕복 코스','5','3','4','왕복이라 힘들다','여러 주전부리',0,DEFAULT);
INSERT INTO MOUNTAIN_POST VALUES(SEQ_MOUNTAIN_POST.NEXTVAL,'속리산','user08','10월의 문장대 코스','단풍이 시작됐어요',DEFAULT,'충청도','문장대 코스','4','4','3','사람이 많아요','인내심',0,DEFAULT);
INSERT INTO MOUNTAIN_POST VALUES(SEQ_MOUNTAIN_POST.NEXTVAL,'속리산','user08','10월의 문장대 코스','단풍이 시작됐어요',DEFAULT,'충청도','문장대 코스','4','4','3','사람이 많아요','인내심',0,DEFAULT);
INSERT INTO MOUNTAIN_POST VALUES(SEQ_MOUNTAIN_POST.NEXTVAL,'속리산','user08','10월의 문장대 코스','단풍이 시작됐어요',DEFAULT,'충청도','문장대 코스','4','4','3','사람이 많아요','인내심',0,DEFAULT);
INSERT INTO MOUNTAIN_POST VALUES(SEQ_MOUNTAIN_POST.NEXTVAL,'속리산','user08','10월의 문장대 코스','단풍이 시작됐어요',DEFAULT,'충청도','문장대 코스','4','4','3','사람이 많아요','인내심',0,DEFAULT);
INSERT INTO MOUNTAIN_POST VALUES(SEQ_MOUNTAIN_POST.NEXTVAL,'속리산','user08','10월의 문장대 코스','단풍이 시작됐어요',DEFAULT,'충청도','문장대 코스','4','4','3','사람이 많아요','인내심',0,DEFAULT);
INSERT INTO MOUNTAIN_POST VALUES(SEQ_MOUNTAIN_POST.NEXTVAL,'계룡산','user09','모래뿐일 것이다 이상의 꽃이 없으면','쓸쓸한 인간에 남는 것은 영락과 부패 뿐이다',DEFAULT,'충청도','동학사 왕복 코스','5','8','4','낙원을 장식하는 천자만홍','어디 있으며',0,DEFAULT);
INSERT INTO MOUNTAIN_POST VALUES(SEQ_MOUNTAIN_POST.NEXTVAL,'계룡산','user09','모래뿐일 것이다 이상의 꽃이 없으면','쓸쓸한 인간에 남는 것은 영락과 부패 뿐이다',DEFAULT,'충청도','동학사 왕복 코스','5','8','4','낙원을 장식하는 천자만홍','어디 있으며',0,DEFAULT);
INSERT INTO MOUNTAIN_POST VALUES(SEQ_MOUNTAIN_POST.NEXTVAL,'계룡산','user09','모래뿐일 것이다 이상의 꽃이 없으면','쓸쓸한 인간에 남는 것은 영락과 부패 뿐이다',DEFAULT,'충청도','동학사 왕복 코스','5','8','4','낙원을 장식하는 천자만홍','어디 있으며',0,DEFAULT);
INSERT INTO MOUNTAIN_POST VALUES(SEQ_MOUNTAIN_POST.NEXTVAL,'계룡산','user09','모래뿐일 것이다 이상의 꽃이 없으면','쓸쓸한 인간에 남는 것은 영락과 부패 뿐이다',DEFAULT,'충청도','동학사 왕복 코스','5','8','4','낙원을 장식하는 천자만홍','어디 있으며',0,DEFAULT);
INSERT INTO MOUNTAIN_POST VALUES(SEQ_MOUNTAIN_POST.NEXTVAL,'계룡산','user09','모래뿐일 것이다 이상의 꽃이 없으면','쓸쓸한 인간에 남는 것은 영락과 부패 뿐이다',DEFAULT,'충청도','동학사 왕복 코스','5','8','4','낙원을 장식하는 천자만홍','어디 있으며',0,DEFAULT);
INSERT INTO MOUNTAIN_POST VALUES(SEQ_MOUNTAIN_POST.NEXTVAL,'계룡산','user10','인생을 풍부하게','우리의 청춘이 가장 많이 품고 있는 이상!',DEFAULT,'충청도','수통골 왕복 코스','6','2','3','이것이야말로 무한한 가치를 가진 것이다','생수 많이',0,DEFAULT);
INSERT INTO MOUNTAIN_POST VALUES(SEQ_MOUNTAIN_POST.NEXTVAL,'계룡산','user10','인생을 풍부하게','우리의 청춘이 가장 많이 품고 있는 이상!',DEFAULT,'충청도','수통골 왕복 코스','6','2','3','이것이야말로 무한한 가치를 가진 것이다','생수 많이',0,DEFAULT);
INSERT INTO MOUNTAIN_POST VALUES(SEQ_MOUNTAIN_POST.NEXTVAL,'계룡산','user10','인생을 풍부하게','우리의 청춘이 가장 많이 품고 있는 이상!',DEFAULT,'충청도','수통골 왕복 코스','6','2','3','이것이야말로 무한한 가치를 가진 것이다','생수 많이',0,DEFAULT);
INSERT INTO MOUNTAIN_POST VALUES(SEQ_MOUNTAIN_POST.NEXTVAL,'계룡산','user10','인생을 풍부하게','우리의 청춘이 가장 많이 품고 있는 이상!',DEFAULT,'충청도','수통골 왕복 코스','6','2','3','이것이야말로 무한한 가치를 가진 것이다','생수 많이',0,DEFAULT);
INSERT INTO MOUNTAIN_POST VALUES(SEQ_MOUNTAIN_POST.NEXTVAL,'계룡산','user10','인생을 풍부하게','우리의 청춘이 가장 많이 품고 있는 이상!',DEFAULT,'충청도','수통골 왕복 코스','6','2','3','이것이야말로 무한한 가치를 가진 것이다','생수 많이',0,DEFAULT);
INSERT INTO MOUNTAIN_POST VALUES(SEQ_MOUNTAIN_POST.NEXTVAL,'마이산','user12','사람은 크고 작고 간에 이상이 있음으로써','용감하고 굳세게 살 수 있는 것이다',DEFAULT,'전라도','암마이봉 코스','2','1','1','코스가 생각보다 짧음','가벼운 차림',0,DEFAULT);
INSERT INTO MOUNTAIN_POST VALUES(SEQ_MOUNTAIN_POST.NEXTVAL,'마이산','user12','사람은 크고 작고 간에 이상이 있음으로써','용감하고 굳세게 살 수 있는 것이다',DEFAULT,'전라도','암마이봉 코스','2','1','1','코스가 생각보다 짧음','가벼운 차림',0,DEFAULT);
INSERT INTO MOUNTAIN_POST VALUES(SEQ_MOUNTAIN_POST.NEXTVAL,'마이산','user12','사람은 크고 작고 간에 이상이 있음으로써','용감하고 굳세게 살 수 있는 것이다',DEFAULT,'전라도','암마이봉 코스','2','1','1','코스가 생각보다 짧음','가벼운 차림',0,DEFAULT);
INSERT INTO MOUNTAIN_POST VALUES(SEQ_MOUNTAIN_POST.NEXTVAL,'마이산','user12','사람은 크고 작고 간에 이상이 있음으로써','용감하고 굳세게 살 수 있는 것이다',DEFAULT,'전라도','암마이봉 코스','2','1','1','코스가 생각보다 짧음','가벼운 차림',0,DEFAULT);
INSERT INTO MOUNTAIN_POST VALUES(SEQ_MOUNTAIN_POST.NEXTVAL,'마이산','user12','사람은 크고 작고 간에 이상이 있음으로써','용감하고 굳세게 살 수 있는 것이다',DEFAULT,'전라도','암마이봉 코스','2','1','1','코스가 생각보다 짧음','가벼운 차림',0,DEFAULT);
INSERT INTO MOUNTAIN_POST VALUES(SEQ_MOUNTAIN_POST.NEXTVAL,'내장산','user15','석가는 무엇을 위하여','설산에서 고행을 하였으며',DEFAULT,'전라도','신성봉 코스','5','3','3','예수는 무엇을 위하여','광야에서 방황하였으며',0,DEFAULT);
INSERT INTO MOUNTAIN_POST VALUES(SEQ_MOUNTAIN_POST.NEXTVAL,'내장산','user15','석가는 무엇을 위하여','설산에서 고행을 하였으며',DEFAULT,'전라도','신성봉 코스','5','3','3','예수는 무엇을 위하여','광야에서 방황하였으며',0,DEFAULT);
INSERT INTO MOUNTAIN_POST VALUES(SEQ_MOUNTAIN_POST.NEXTVAL,'내장산','user15','석가는 무엇을 위하여','설산에서 고행을 하였으며',DEFAULT,'전라도','신성봉 코스','5','3','3','예수는 무엇을 위하여','광야에서 방황하였으며',0,DEFAULT);
INSERT INTO MOUNTAIN_POST VALUES(SEQ_MOUNTAIN_POST.NEXTVAL,'내장산','user15','석가는 무엇을 위하여','설산에서 고행을 하였으며',DEFAULT,'전라도','신성봉 코스','5','3','3','예수는 무엇을 위하여','광야에서 방황하였으며',0,DEFAULT);
INSERT INTO MOUNTAIN_POST VALUES(SEQ_MOUNTAIN_POST.NEXTVAL,'내장산','user15','석가는 무엇을 위하여','설산에서 고행을 하였으며',DEFAULT,'전라도','신성봉 코스','5','3','3','예수는 무엇을 위하여','광야에서 방황하였으며',0,DEFAULT);
INSERT INTO MOUNTAIN_POST VALUES(SEQ_MOUNTAIN_POST.NEXTVAL,'내장산','user30','공자는 무엇을 위하여','천하를 철환하였는가?',DEFAULT,'전라도','백양사 종주 코스','6','4','5','밥을 위하여서','옷을 위하여서',0,DEFAULT);
INSERT INTO MOUNTAIN_POST VALUES(SEQ_MOUNTAIN_POST.NEXTVAL,'내장산','user30','공자는 무엇을 위하여','천하를 철환하였는가?',DEFAULT,'전라도','백양사 종주 코스','6','4','5','밥을 위하여서','옷을 위하여서',0,DEFAULT);
INSERT INTO MOUNTAIN_POST VALUES(SEQ_MOUNTAIN_POST.NEXTVAL,'내장산','user30','공자는 무엇을 위하여','천하를 철환하였는가?',DEFAULT,'전라도','백양사 종주 코스','6','4','5','밥을 위하여서','옷을 위하여서',0,DEFAULT);
INSERT INTO MOUNTAIN_POST VALUES(SEQ_MOUNTAIN_POST.NEXTVAL,'내장산','user30','공자는 무엇을 위하여','천하를 철환하였는가?',DEFAULT,'전라도','백양사 종주 코스','6','4','5','밥을 위하여서','옷을 위하여서',0,DEFAULT);
INSERT INTO MOUNTAIN_POST VALUES(SEQ_MOUNTAIN_POST.NEXTVAL,'내장산','user30','공자는 무엇을 위하여','천하를 철환하였는가?',DEFAULT,'전라도','백양사 종주 코스','6','4','5','밥을 위하여서','옷을 위하여서',0,DEFAULT);
INSERT INTO MOUNTAIN_POST VALUES(SEQ_MOUNTAIN_POST.NEXTVAL,'대야산','user28','커다란 이상 곧 만천하의 대중을 품에 안고','그들에게 밝은 길을 찾아 주며',DEFAULT,'경상도','밀재 코스','4','1','3','심장은 거선의 기관과 같이 힘있다','비상약',0,DEFAULT);
INSERT INTO MOUNTAIN_POST VALUES(SEQ_MOUNTAIN_POST.NEXTVAL,'대야산','user28','커다란 이상 곧 만천하의 대중을 품에 안고','그들에게 밝은 길을 찾아 주며',DEFAULT,'경상도','밀재 코스','4','1','3','심장은 거선의 기관과 같이 힘있다','비상약',0,DEFAULT);
INSERT INTO MOUNTAIN_POST VALUES(SEQ_MOUNTAIN_POST.NEXTVAL,'대야산','user28','커다란 이상 곧 만천하의 대중을 품에 안고','그들에게 밝은 길을 찾아 주며',DEFAULT,'경상도','밀재 코스','4','1','3','심장은 거선의 기관과 같이 힘있다','비상약',0,DEFAULT);
INSERT INTO MOUNTAIN_POST VALUES(SEQ_MOUNTAIN_POST.NEXTVAL,'대야산','user28','커다란 이상 곧 만천하의 대중을 품에 안고','그들에게 밝은 길을 찾아 주며',DEFAULT,'경상도','밀재 코스','4','1','3','심장은 거선의 기관과 같이 힘있다','비상약',0,DEFAULT);
INSERT INTO MOUNTAIN_POST VALUES(SEQ_MOUNTAIN_POST.NEXTVAL,'대야산','user28','커다란 이상 곧 만천하의 대중을 품에 안고','그들에게 밝은 길을 찾아 주며',DEFAULT,'경상도','밀재 코스','4','1','3','심장은 거선의 기관과 같이 힘있다','비상약',0,DEFAULT);
INSERT INTO MOUNTAIN_POST VALUES(SEQ_MOUNTAIN_POST.NEXTVAL,'지리산','user29','인류의 역사를 꾸며 내려온','이성은 투명하되 얼음과 같으며 지혜는 날카로우나 갑 속에 든 칼이다',DEFAULT,'경상도','노고단 코스','3','4','2','청춘의 끓는 피가 아니더면','인간이 얼마나 쓸쓸하랴',0,DEFAULT);
INSERT INTO MOUNTAIN_POST VALUES(SEQ_MOUNTAIN_POST.NEXTVAL,'지리산','user29','인류의 역사를 꾸며 내려온','이성은 투명하되 얼음과 같으며 지혜는 날카로우나 갑 속에 든 칼이다',DEFAULT,'경상도','노고단 코스','3','4','2','청춘의 끓는 피가 아니더면','인간이 얼마나 쓸쓸하랴',0,DEFAULT);
INSERT INTO MOUNTAIN_POST VALUES(SEQ_MOUNTAIN_POST.NEXTVAL,'지리산','user29','인류의 역사를 꾸며 내려온','이성은 투명하되 얼음과 같으며 지혜는 날카로우나 갑 속에 든 칼이다',DEFAULT,'경상도','노고단 코스','3','4','2','청춘의 끓는 피가 아니더면','인간이 얼마나 쓸쓸하랴',0,DEFAULT);
INSERT INTO MOUNTAIN_POST VALUES(SEQ_MOUNTAIN_POST.NEXTVAL,'지리산','user29','인류의 역사를 꾸며 내려온','이성은 투명하되 얼음과 같으며 지혜는 날카로우나 갑 속에 든 칼이다',DEFAULT,'경상도','노고단 코스','3','4','2','청춘의 끓는 피가 아니더면','인간이 얼마나 쓸쓸하랴',0,DEFAULT);
INSERT INTO MOUNTAIN_POST VALUES(SEQ_MOUNTAIN_POST.NEXTVAL,'지리산','user29','인류의 역사를 꾸며 내려온','이성은 투명하되 얼음과 같으며 지혜는 날카로우나 갑 속에 든 칼이다',DEFAULT,'경상도','노고단 코스','3','4','2','청춘의 끓는 피가 아니더면','인간이 얼마나 쓸쓸하랴',0,DEFAULT);
INSERT INTO MOUNTAIN_POST VALUES(SEQ_MOUNTAIN_POST.NEXTVAL,'지리산','user24','얼음에 싸인 만물은 얼음이 있을 뿐이다','그들에게 생명을 불어 넣는 것은 따뜻한 봄바람이다',DEFAULT,'경상도','구룡 계곡 코스','2','2','3','풀밭에 속잎나고','가지에 싹이 트고 꽃 피고 새 우는 봄날의 천지',0,DEFAULT);
INSERT INTO MOUNTAIN_POST VALUES(SEQ_MOUNTAIN_POST.NEXTVAL,'지리산','user24','얼음에 싸인 만물은 얼음이 있을 뿐이다','그들에게 생명을 불어 넣는 것은 따뜻한 봄바람이다',DEFAULT,'경상도','구룡 계곡 코스','2','2','3','풀밭에 속잎나고','가지에 싹이 트고 꽃 피고 새 우는 봄날의 천지',0,DEFAULT);
INSERT INTO MOUNTAIN_POST VALUES(SEQ_MOUNTAIN_POST.NEXTVAL,'지리산','user24','얼음에 싸인 만물은 얼음이 있을 뿐이다','그들에게 생명을 불어 넣는 것은 따뜻한 봄바람이다',DEFAULT,'경상도','구룡 계곡 코스','2','2','3','풀밭에 속잎나고','가지에 싹이 트고 꽃 피고 새 우는 봄날의 천지',0,DEFAULT);
INSERT INTO MOUNTAIN_POST VALUES(SEQ_MOUNTAIN_POST.NEXTVAL,'지리산','user24','얼음에 싸인 만물은 얼음이 있을 뿐이다','그들에게 생명을 불어 넣는 것은 따뜻한 봄바람이다',DEFAULT,'경상도','구룡 계곡 코스','2','2','3','풀밭에 속잎나고','가지에 싹이 트고 꽃 피고 새 우는 봄날의 천지',0,DEFAULT);
INSERT INTO MOUNTAIN_POST VALUES(SEQ_MOUNTAIN_POST.NEXTVAL,'지리산','user24','얼음에 싸인 만물은 얼음이 있을 뿐이다','그들에게 생명을 불어 넣는 것은 따뜻한 봄바람이다',DEFAULT,'경상도','구룡 계곡 코스','2','2','3','풀밭에 속잎나고','가지에 싹이 트고 꽃 피고 새 우는 봄날의 천지',0,DEFAULT);
INSERT INTO MOUNTAIN_POST VALUES(SEQ_MOUNTAIN_POST.NEXTVAL,'지리산','user21','얼음 속에서 불러 내는 것이','따뜻한 봄바람이다',DEFAULT,'경상도','뱀사골 계곡 코스','6','2','5','보이는 끝까지 찾아다녀도','목숨이 있는 때까지 방황하여도',0,DEFAULT);
INSERT INTO MOUNTAIN_POST VALUES(SEQ_MOUNTAIN_POST.NEXTVAL,'지리산','user21','얼음 속에서 불러 내는 것이','따뜻한 봄바람이다',DEFAULT,'경상도','뱀사골 계곡 코스','6','2','5','보이는 끝까지 찾아다녀도','목숨이 있는 때까지 방황하여도',0,DEFAULT);
INSERT INTO MOUNTAIN_POST VALUES(SEQ_MOUNTAIN_POST.NEXTVAL,'지리산','user21','얼음 속에서 불러 내는 것이','따뜻한 봄바람이다',DEFAULT,'경상도','뱀사골 계곡 코스','6','2','5','보이는 끝까지 찾아다녀도','목숨이 있는 때까지 방황하여도',0,DEFAULT);
INSERT INTO MOUNTAIN_POST VALUES(SEQ_MOUNTAIN_POST.NEXTVAL,'지리산','user21','얼음 속에서 불러 내는 것이','따뜻한 봄바람이다',DEFAULT,'경상도','뱀사골 계곡 코스','6','2','5','보이는 끝까지 찾아다녀도','목숨이 있는 때까지 방황하여도',0,DEFAULT);
INSERT INTO MOUNTAIN_POST VALUES(SEQ_MOUNTAIN_POST.NEXTVAL,'지리산','user21','얼음 속에서 불러 내는 것이','따뜻한 봄바람이다',DEFAULT,'경상도','뱀사골 계곡 코스','6','2','5','보이는 끝까지 찾아다녀도','목숨이 있는 때까지 방황하여도',0,DEFAULT);
INSERT INTO MOUNTAIN_POST VALUES(SEQ_MOUNTAIN_POST.NEXTVAL,'팔공산','user23','보이는 것은 거친 모래뿐일 것이다','이상의 꽃이 없으면',DEFAULT,'경상도','비로봉 코스','2','1','1','쓸쓸한 인간에 남는 것은','낙원을 장식하는 천자만홍',0,DEFAULT);
INSERT INTO MOUNTAIN_POST VALUES(SEQ_MOUNTAIN_POST.NEXTVAL,'팔공산','user23','보이는 것은 거친 모래뿐일 것이다','이상의 꽃이 없으면',DEFAULT,'경상도','비로봉 코스','2','1','1','쓸쓸한 인간에 남는 것은','낙원을 장식하는 천자만홍',0,DEFAULT);
INSERT INTO MOUNTAIN_POST VALUES(SEQ_MOUNTAIN_POST.NEXTVAL,'팔공산','user23','보이는 것은 거친 모래뿐일 것이다','이상의 꽃이 없으면',DEFAULT,'경상도','비로봉 코스','2','1','1','쓸쓸한 인간에 남는 것은','낙원을 장식하는 천자만홍',0,DEFAULT);
INSERT INTO MOUNTAIN_POST VALUES(SEQ_MOUNTAIN_POST.NEXTVAL,'팔공산','user23','보이는 것은 거친 모래뿐일 것이다','이상의 꽃이 없으면',DEFAULT,'경상도','비로봉 코스','2','1','1','쓸쓸한 인간에 남는 것은','낙원을 장식하는 천자만홍',0,DEFAULT);
INSERT INTO MOUNTAIN_POST VALUES(SEQ_MOUNTAIN_POST.NEXTVAL,'팔공산','user23','보이는 것은 거친 모래뿐일 것이다','이상의 꽃이 없으면',DEFAULT,'경상도','비로봉 코스','2','1','1','쓸쓸한 인간에 남는 것은','낙원을 장식하는 천자만홍',0,DEFAULT);
INSERT INTO MOUNTAIN_POST VALUES(SEQ_MOUNTAIN_POST.NEXTVAL,'두타산','user25','반짝이는 뭇 별과 같이','산야에 피어나는 군영과 같이',DEFAULT,'강원도','베틀바위 코스','4','3','3','이상의 보배를 능히 품으며','소담스러운 열매',0,DEFAULT);
INSERT INTO MOUNTAIN_POST VALUES(SEQ_MOUNTAIN_POST.NEXTVAL,'두타산','user25','반짝이는 뭇 별과 같이','산야에 피어나는 군영과 같이',DEFAULT,'강원도','베틀바위 코스','4','3','3','이상의 보배를 능히 품으며','소담스러운 열매',0,DEFAULT);
INSERT INTO MOUNTAIN_POST VALUES(SEQ_MOUNTAIN_POST.NEXTVAL,'두타산','user25','반짝이는 뭇 별과 같이','산야에 피어나는 군영과 같이',DEFAULT,'강원도','베틀바위 코스','4','3','3','이상의 보배를 능히 품으며','소담스러운 열매',0,DEFAULT);
INSERT INTO MOUNTAIN_POST VALUES(SEQ_MOUNTAIN_POST.NEXTVAL,'두타산','user25','반짝이는 뭇 별과 같이','산야에 피어나는 군영과 같이',DEFAULT,'강원도','베틀바위 코스','4','3','3','이상의 보배를 능히 품으며','소담스러운 열매',0,DEFAULT);
INSERT INTO MOUNTAIN_POST VALUES(SEQ_MOUNTAIN_POST.NEXTVAL,'두타산','user25','반짝이는 뭇 별과 같이','산야에 피어나는 군영과 같이',DEFAULT,'강원도','베틀바위 코스','4','3','3','이상의 보배를 능히 품으며','소담스러운 열매',0,DEFAULT);
INSERT INTO MOUNTAIN_POST VALUES(SEQ_MOUNTAIN_POST.NEXTVAL,'설악산','user27','공룡능선 산행 완료','코스가 길어요',DEFAULT,'강원도','공룡능선 코스','11','4','5','체력이 엄청나게 필요함','간편 식사 넉넉히',0,DEFAULT);
INSERT INTO MOUNTAIN_POST VALUES(SEQ_MOUNTAIN_POST.NEXTVAL,'설악산','user27','공룡능선 산행 완료','코스가 길어요',DEFAULT,'강원도','공룡능선 코스','11','4','5','체력이 엄청나게 필요함','간편 식사 넉넉히',0,DEFAULT);
INSERT INTO MOUNTAIN_POST VALUES(SEQ_MOUNTAIN_POST.NEXTVAL,'설악산','user27','공룡능선 산행 완료','코스가 길어요',DEFAULT,'강원도','공룡능선 코스','11','4','5','체력이 엄청나게 필요함','간편 식사 넉넉히',0,DEFAULT);
INSERT INTO MOUNTAIN_POST VALUES(SEQ_MOUNTAIN_POST.NEXTVAL,'설악산','user27','공룡능선 산행 완료','코스가 길어요',DEFAULT,'강원도','공룡능선 코스','11','4','5','체력이 엄청나게 필요함','간편 식사 넉넉히',0,DEFAULT);
INSERT INTO MOUNTAIN_POST VALUES(SEQ_MOUNTAIN_POST.NEXTVAL,'설악산','user27','공룡능선 산행 완료','코스가 길어요',DEFAULT,'강원도','공룡능선 코스','11','4','5','체력이 엄청나게 필요함','간편 식사 넉넉히',0,DEFAULT);
INSERT INTO MOUNTAIN_POST VALUES(SEQ_MOUNTAIN_POST.NEXTVAL,'설악산','user22','설악산은 힘들긴해요','그래도 다녀오면 뿌듯',DEFAULT,'강원도','한계령 코스','7','3','5','무릎 관절이 나갈 수 있다','관절 보호대',0,DEFAULT);
INSERT INTO MOUNTAIN_POST VALUES(SEQ_MOUNTAIN_POST.NEXTVAL,'설악산','user22','설악산은 힘들긴해요','그래도 다녀오면 뿌듯',DEFAULT,'강원도','한계령 코스','7','3','5','무릎 관절이 나갈 수 있다','관절 보호대',0,DEFAULT);
INSERT INTO MOUNTAIN_POST VALUES(SEQ_MOUNTAIN_POST.NEXTVAL,'설악산','user22','설악산은 힘들긴해요','그래도 다녀오면 뿌듯',DEFAULT,'강원도','한계령 코스','7','3','5','무릎 관절이 나갈 수 있다','관절 보호대',0,DEFAULT);
INSERT INTO MOUNTAIN_POST VALUES(SEQ_MOUNTAIN_POST.NEXTVAL,'설악산','user22','설악산은 힘들긴해요','그래도 다녀오면 뿌듯',DEFAULT,'강원도','한계령 코스','7','3','5','무릎 관절이 나갈 수 있다','관절 보호대',0,DEFAULT);
INSERT INTO MOUNTAIN_POST VALUES(SEQ_MOUNTAIN_POST.NEXTVAL,'설악산','user22','설악산은 힘들긴해요','그래도 다녀오면 뿌듯',DEFAULT,'강원도','한계령 코스','7','3','5','무릎 관절이 나갈 수 있다','관절 보호대',0,DEFAULT);
INSERT INTO MOUNTAIN_POST VALUES(SEQ_MOUNTAIN_POST.NEXTVAL,'설악산','user26','아름다운 오색코스','설악산 산행 코스로 추천해요',DEFAULT,'강원도','오색 코스','4','2','2','혼자가면 심심할듯','동료',0,DEFAULT);
INSERT INTO MOUNTAIN_POST VALUES(SEQ_MOUNTAIN_POST.NEXTVAL,'설악산','user26','아름다운 오색코스','설악산 산행 코스로 추천해요',DEFAULT,'강원도','오색 코스','4','2','2','혼자가면 심심할듯','동료',0,DEFAULT);
INSERT INTO MOUNTAIN_POST VALUES(SEQ_MOUNTAIN_POST.NEXTVAL,'설악산','user26','아름다운 오색코스','설악산 산행 코스로 추천해요',DEFAULT,'강원도','오색 코스','4','2','2','혼자가면 심심할듯','동료',0,DEFAULT);
INSERT INTO MOUNTAIN_POST VALUES(SEQ_MOUNTAIN_POST.NEXTVAL,'설악산','user26','아름다운 오색코스','설악산 산행 코스로 추천해요',DEFAULT,'강원도','오색 코스','4','2','2','혼자가면 심심할듯','동료',0,DEFAULT);
INSERT INTO MOUNTAIN_POST VALUES(SEQ_MOUNTAIN_POST.NEXTVAL,'설악산','user26','아름다운 오색코스','설악산 산행 코스로 추천해요',DEFAULT,'강원도','오색 코스','4','2','2','혼자가면 심심할듯','동료',0,DEFAULT);
INSERT INTO MOUNTAIN_POST VALUES(SEQ_MOUNTAIN_POST.NEXTVAL,'설악산','user27','설악산 코스 중에','가장 쉬워요',DEFAULT,'강원도','백담사 코스','2','1','1','혼자가도 금방 내려옴','생수 한병',0,DEFAULT);
INSERT INTO MOUNTAIN_POST VALUES(SEQ_MOUNTAIN_POST.NEXTVAL,'설악산','user27','설악산 코스 중에','가장 쉬워요',DEFAULT,'강원도','백담사 코스','2','1','1','혼자가도 금방 내려옴','생수 한병',0,DEFAULT);
INSERT INTO MOUNTAIN_POST VALUES(SEQ_MOUNTAIN_POST.NEXTVAL,'설악산','user27','설악산 코스 중에','가장 쉬워요',DEFAULT,'강원도','백담사 코스','2','1','1','혼자가도 금방 내려옴','생수 한병',0,DEFAULT);
INSERT INTO MOUNTAIN_POST VALUES(SEQ_MOUNTAIN_POST.NEXTVAL,'설악산','user27','설악산 코스 중에','가장 쉬워요',DEFAULT,'강원도','백담사 코스','2','1','1','혼자가도 금방 내려옴','생수 한병',0,DEFAULT);
INSERT INTO MOUNTAIN_POST VALUES(SEQ_MOUNTAIN_POST.NEXTVAL,'설악산','user27','설악산 코스 중에','가장 쉬워요',DEFAULT,'강원도','백담사 코스','2','1','1','혼자가도 금방 내려옴','생수 한병',0,DEFAULT);
INSERT INTO MOUNTAIN_POST VALUES(SEQ_MOUNTAIN_POST.NEXTVAL,'한라산','user31','한라산에 가서','산행을 해야 진정한 산타',DEFAULT,'제주도','성판악 코스','5','4','5','제주도 또 가고싶다','카메라',0,DEFAULT);
INSERT INTO MOUNTAIN_POST VALUES(SEQ_MOUNTAIN_POST.NEXTVAL,'한라산','user31','한라산에 가서','산행을 해야 진정한 산타',DEFAULT,'제주도','성판악 코스','5','4','5','제주도 또 가고싶다','카메라',0,DEFAULT);
INSERT INTO MOUNTAIN_POST VALUES(SEQ_MOUNTAIN_POST.NEXTVAL,'한라산','user31','한라산에 가서','산행을 해야 진정한 산타',DEFAULT,'제주도','성판악 코스','5','4','5','제주도 또 가고싶다','카메라',0,DEFAULT);
INSERT INTO MOUNTAIN_POST VALUES(SEQ_MOUNTAIN_POST.NEXTVAL,'한라산','user31','한라산에 가서','산행을 해야 진정한 산타',DEFAULT,'제주도','성판악 코스','5','4','5','제주도 또 가고싶다','카메라',0,DEFAULT);
INSERT INTO MOUNTAIN_POST VALUES(SEQ_MOUNTAIN_POST.NEXTVAL,'한라산','user31','한라산에 가서','산행을 해야 진정한 산타',DEFAULT,'제주도','성판악 코스','5','4','5','제주도 또 가고싶다','카메라',0,DEFAULT);
INSERT INTO MOUNTAIN_POST VALUES(SEQ_MOUNTAIN_POST.NEXTVAL,'한라산','user32','한라산이 낮아 보였는데','직접 타보세요 진짜 힘들어',DEFAULT,'제주도','관음사 코스','6','2','5','코스가 생각보다 훨씬 길어요','체력',0,DEFAULT);
INSERT INTO MOUNTAIN_POST VALUES(SEQ_MOUNTAIN_POST.NEXTVAL,'한라산','user32','한라산이 낮아 보였는데','직접 타보세요 진짜 힘들어',DEFAULT,'제주도','관음사 코스','6','2','5','코스가 생각보다 훨씬 길어요','체력',0,DEFAULT);
INSERT INTO MOUNTAIN_POST VALUES(SEQ_MOUNTAIN_POST.NEXTVAL,'한라산','user32','한라산이 낮아 보였는데','직접 타보세요 진짜 힘들어',DEFAULT,'제주도','관음사 코스','6','2','5','코스가 생각보다 훨씬 길어요','체력',0,DEFAULT);
INSERT INTO MOUNTAIN_POST VALUES(SEQ_MOUNTAIN_POST.NEXTVAL,'한라산','user32','한라산이 낮아 보였는데','직접 타보세요 진짜 힘들어',DEFAULT,'제주도','관음사 코스','6','2','5','코스가 생각보다 훨씬 길어요','체력',0,DEFAULT);
INSERT INTO MOUNTAIN_POST VALUES(SEQ_MOUNTAIN_POST.NEXTVAL,'한라산','user32','한라산이 낮아 보였는데','직접 타보세요 진짜 힘들어',DEFAULT,'제주도','관음사 코스','6','2','5','코스가 생각보다 훨씬 길어요','체력',0,DEFAULT);

-- 등산인증 첨부파일
INSERT INTO MOUNTAIN_POST_FILE VALUES(135, '한라산', 'mountain01.png', 'Santada/WebContent/mtUpload/mountain01.png', 646588, 'user32', DEFAULT);
INSERT INTO MOUNTAIN_POST_FILE VALUES(134, '한라산', 'mountain02.jpg', 'Santada/WebContent/mtUpload/mountain02.jpg', 133351, 'user32', DEFAULT);
INSERT INTO MOUNTAIN_POST_FILE VALUES(133, '한라산', 'mountain03.png', 'Santada/WebContent/mtUpload/mountain03.png', 1163093, 'user32', DEFAULT);
INSERT INTO MOUNTAIN_POST_FILE VALUES(132, '한라산', 'mountain04.png', 'Santada/WebContent/mtUpload/mountain04.png', 911340, 'user32', DEFAULT);
INSERT INTO MOUNTAIN_POST_FILE VALUES(131, '한라산', 'mountain05.png', 'Santada/WebContent/mtUpload/mountain05.png', 1140080, 'user32', DEFAULT);
INSERT INTO MOUNTAIN_POST_FILE VALUES(130, '한라산', 'mountain01.png', 'Santada/WebContent/mtUpload/mountain01.png', 646588, 'user31', DEFAULT);
INSERT INTO MOUNTAIN_POST_FILE VALUES(129, '한라산', 'mountain02.jpg', 'Santada/WebContent/mtUpload/mountain02.jpg', 133351, 'user31', DEFAULT);
INSERT INTO MOUNTAIN_POST_FILE VALUES(128, '한라산', 'mountain03.png', 'Santada/WebContent/mtUpload/mountain03.png', 1163093, 'user31', DEFAULT);
INSERT INTO MOUNTAIN_POST_FILE VALUES(127, '한라산', 'mountain04.png', 'Santada/WebContent/mtUpload/mountain04.png', 911340, 'user31', DEFAULT);
INSERT INTO MOUNTAIN_POST_FILE VALUES(126, '한라산', 'mountain05.png', 'Santada/WebContent/mtUpload/mountain05.png', 1140080, 'user31', DEFAULT);

-- 등산인증 게시글 댓글
INSERT INTO MP_REPLY VALUES(SEQ_MP_REPLY.NEXTVAL, 1, '안녕하세요', 'user01', DEFAULT);
INSERT INTO MP_REPLY VALUES(SEQ_MP_REPLY.NEXTVAL, 2, '안녕하세요', 'user02', DEFAULT);
INSERT INTO MP_REPLY VALUES(SEQ_MP_REPLY.NEXTVAL, 3, '안녕하세요', 'user03', DEFAULT);
INSERT INTO MP_REPLY VALUES(SEQ_MP_REPLY.NEXTVAL, 4, '안녕하세요', 'user04', DEFAULT);
INSERT INTO MP_REPLY VALUES(SEQ_MP_REPLY.NEXTVAL, 5, '안녕하세요', 'user05', DEFAULT);
INSERT INTO MP_REPLY VALUES(SEQ_MP_REPLY.NEXTVAL, 6, '안녕하세요', 'user06', DEFAULT);
INSERT INTO MP_REPLY VALUES(SEQ_MP_REPLY.NEXTVAL, 7, '안녕하세요', 'user07', DEFAULT);
INSERT INTO MP_REPLY VALUES(SEQ_MP_REPLY.NEXTVAL, 8, '안녕하세요', 'user08', DEFAULT);
INSERT INTO MP_REPLY VALUES(SEQ_MP_REPLY.NEXTVAL, 9, '안녕하세요', 'user09', DEFAULT);
INSERT INTO MP_REPLY VALUES(SEQ_MP_REPLY.NEXTVAL, 10, '안녕하세요', 'user10', DEFAULT);
INSERT INTO MP_REPLY VALUES(SEQ_MP_REPLY.NEXTVAL, 11, '안녕하세요', 'user11', DEFAULT);
INSERT INTO MP_REPLY VALUES(SEQ_MP_REPLY.NEXTVAL, 12, '안녕하세요', 'user12', DEFAULT);
INSERT INTO MP_REPLY VALUES(SEQ_MP_REPLY.NEXTVAL, 13, '안녕하세요', 'user13', DEFAULT);
INSERT INTO MP_REPLY VALUES(SEQ_MP_REPLY.NEXTVAL, 14, '안녕하세요', 'user14', DEFAULT);
INSERT INTO MP_REPLY VALUES(SEQ_MP_REPLY.NEXTVAL, 15, '안녕하세요', 'user15', DEFAULT);
INSERT INTO MP_REPLY VALUES(SEQ_MP_REPLY.NEXTVAL, 16, '안녕하세요', 'user16', DEFAULT);
INSERT INTO MP_REPLY VALUES(SEQ_MP_REPLY.NEXTVAL, 17, '안녕하세요', 'user17', DEFAULT);
INSERT INTO MP_REPLY VALUES(SEQ_MP_REPLY.NEXTVAL, 18, '안녕하세요', 'user18', DEFAULT);
INSERT INTO MP_REPLY VALUES(SEQ_MP_REPLY.NEXTVAL, 19, '안녕하세요', 'user19', DEFAULT);
INSERT INTO MP_REPLY VALUES(SEQ_MP_REPLY.NEXTVAL, 20, '안녕하세요', 'user20', DEFAULT);
INSERT INTO MP_REPLY VALUES(SEQ_MP_REPLY.NEXTVAL, 21, '안녕하세요', 'user21', DEFAULT);
INSERT INTO MP_REPLY VALUES(SEQ_MP_REPLY.NEXTVAL, 22, '안녕하세요', 'user22', DEFAULT);
INSERT INTO MP_REPLY VALUES(SEQ_MP_REPLY.NEXTVAL, 23, '안녕하세요', 'user23', DEFAULT);
INSERT INTO MP_REPLY VALUES(SEQ_MP_REPLY.NEXTVAL, 24, '안녕하세요', 'user24', DEFAULT);
INSERT INTO MP_REPLY VALUES(SEQ_MP_REPLY.NEXTVAL, 25, '안녕하세요', 'user25', DEFAULT);
INSERT INTO MP_REPLY VALUES(SEQ_MP_REPLY.NEXTVAL, 26, '안녕하세요', 'user26', DEFAULT);
INSERT INTO MP_REPLY VALUES(SEQ_MP_REPLY.NEXTVAL, 27, '안녕하세요', 'user27', DEFAULT);
INSERT INTO MP_REPLY VALUES(SEQ_MP_REPLY.NEXTVAL, 28, '안녕하세요', 'user28', DEFAULT);
INSERT INTO MP_REPLY VALUES(SEQ_MP_REPLY.NEXTVAL, 29, '안녕하세요', 'user29', DEFAULT);
INSERT INTO MP_REPLY VALUES(SEQ_MP_REPLY.NEXTVAL, 30, '안녕하세요', 'user30', DEFAULT);
INSERT INTO MP_REPLY VALUES(SEQ_MP_REPLY.NEXTVAL, 31, '안녕하세요', 'user31', DEFAULT);
INSERT INTO MP_REPLY VALUES(SEQ_MP_REPLY.NEXTVAL, 32, '안녕하세요', 'user32', DEFAULT);
INSERT INTO MP_REPLY VALUES(SEQ_MP_REPLY.NEXTVAL, 33, '안녕하세요', 'user33', DEFAULT);
INSERT INTO MP_REPLY VALUES(SEQ_MP_REPLY.NEXTVAL, 34, '안녕하세요', 'user34', DEFAULT);
INSERT INTO MP_REPLY VALUES(SEQ_MP_REPLY.NEXTVAL, 35, '안녕하세요', 'user35', DEFAULT);
INSERT INTO MP_REPLY VALUES(SEQ_MP_REPLY.NEXTVAL, 36, '안녕하세요', 'user36', DEFAULT);
INSERT INTO MP_REPLY VALUES(SEQ_MP_REPLY.NEXTVAL, 37, '안녕하세요', 'user37', DEFAULT);
INSERT INTO MP_REPLY VALUES(SEQ_MP_REPLY.NEXTVAL, 38, '안녕하세요', 'user38', DEFAULT);
INSERT INTO MP_REPLY VALUES(SEQ_MP_REPLY.NEXTVAL, 39, '안녕하세요', 'user39', DEFAULT);
INSERT INTO MP_REPLY VALUES(SEQ_MP_REPLY.NEXTVAL, 40, '안녕하세요', 'user40', DEFAULT);
INSERT INTO MP_REPLY VALUES(SEQ_MP_REPLY.NEXTVAL, 41, '안녕하세요', 'user41', DEFAULT);
INSERT INTO MP_REPLY VALUES(SEQ_MP_REPLY.NEXTVAL, 42, '안녕하세요', 'user42', DEFAULT);
INSERT INTO MP_REPLY VALUES(SEQ_MP_REPLY.NEXTVAL, 43, '안녕하세요', 'user43', DEFAULT);
INSERT INTO MP_REPLY VALUES(SEQ_MP_REPLY.NEXTVAL, 44, '안녕하세요', 'user44', DEFAULT);
INSERT INTO MP_REPLY VALUES(SEQ_MP_REPLY.NEXTVAL, 125, '안녕하세요', 'user45', DEFAULT);
INSERT INTO MP_REPLY VALUES(SEQ_MP_REPLY.NEXTVAL, 126, '안녕하세요', 'user46', DEFAULT);
INSERT INTO MP_REPLY VALUES(SEQ_MP_REPLY.NEXTVAL, 127, '안녕하세요', 'user47', DEFAULT);
INSERT INTO MP_REPLY VALUES(SEQ_MP_REPLY.NEXTVAL, 128, '안녕하세요', 'user48', DEFAULT);
INSERT INTO MP_REPLY VALUES(SEQ_MP_REPLY.NEXTVAL, 129, '안녕하세요', 'user49', DEFAULT);
INSERT INTO MP_REPLY VALUES(SEQ_MP_REPLY.NEXTVAL, 130, '안녕하세요', 'user50', DEFAULT);
INSERT INTO MP_REPLY VALUES(SEQ_MP_REPLY.NEXTVAL, 131, '안녕하세요', 'user51', DEFAULT);
INSERT INTO MP_REPLY VALUES(SEQ_MP_REPLY.NEXTVAL, 132, '안녕하세요', 'user52', DEFAULT);
INSERT INTO MP_REPLY VALUES(SEQ_MP_REPLY.NEXTVAL, 133, '안녕하세요', 'user53', DEFAULT);
INSERT INTO MP_REPLY VALUES(SEQ_MP_REPLY.NEXTVAL, 134, '안녕하세요', 'user54', DEFAULT);
INSERT INTO MP_REPLY VALUES(SEQ_MP_REPLY.NEXTVAL, 135, '안녕하세요', 'user55', DEFAULT);

-- 나무심기 캠페인
INSERT INTO TREE_CAMPAIGN VALUES(SEQ_TREE_POST.NEXTVAL, 'user01', '지구야 아프지마', 'Save the earth', DEFAULT);
INSERT INTO TREE_CAMPAIGN VALUES(SEQ_TREE_POST.NEXTVAL, 'user02', '김로미', '무럭무럭 자라라', DEFAULT);
INSERT INTO TREE_CAMPAIGN VALUES(SEQ_TREE_POST.NEXTVAL, 'user03', '리코더', '코딩천재 되기', DEFAULT);
INSERT INTO TREE_CAMPAIGN VALUES(SEQ_TREE_POST.NEXTVAL, 'user04', '루이의 나무', '1년 뒤에 보자', DEFAULT);
INSERT INTO TREE_CAMPAIGN VALUES(SEQ_TREE_POST.NEXTVAL, 'user05', '푸르게', '자라주세요', DEFAULT);
INSERT INTO TREE_CAMPAIGN VALUES(SEQ_TREE_POST.NEXTVAL, 'user06', '랜덤나무', '내가 심었다', DEFAULT);
INSERT INTO TREE_CAMPAIGN VALUES(SEQ_TREE_POST.NEXTVAL, 'user07', '몽몽이', '안녕', DEFAULT);
INSERT INTO TREE_CAMPAIGN VALUES(SEQ_TREE_POST.NEXTVAL, 'user08', '김다정', '그래요', DEFAULT);
INSERT INTO TREE_CAMPAIGN VALUES(SEQ_TREE_POST.NEXTVAL, 'user09', '샐리', '건강하자', DEFAULT);
INSERT INTO TREE_CAMPAIGN VALUES(SEQ_TREE_POST.NEXTVAL, 'user10', '네', '소원 빌고 가세요', DEFAULT);
INSERT INTO TREE_CAMPAIGN VALUES(SEQ_TREE_POST.NEXTVAL, 'user11', '나무가', '공기를 맑게', DEFAULT);
INSERT INTO TREE_CAMPAIGN VALUES(SEQ_TREE_POST.NEXTVAL, 'user12', '로미나무', '나보다 오래 살겠지', DEFAULT);
INSERT INTO TREE_CAMPAIGN VALUES(SEQ_TREE_POST.NEXTVAL, 'user13', '미니언', '건강하게 자라라', DEFAULT);
INSERT INTO TREE_CAMPAIGN VALUES(SEQ_TREE_POST.NEXTVAL, 'user14', '나무야 기다려', '5년뒤에 기념사진 찍으러', DEFAULT);
INSERT INTO TREE_CAMPAIGN VALUES(SEQ_TREE_POST.NEXTVAL, 'user15', '런던에서', '심은 나무', DEFAULT);
INSERT INTO TREE_CAMPAIGN VALUES(SEQ_TREE_POST.NEXTVAL, 'user16', '자연', '지킵시다', DEFAULT);
INSERT INTO TREE_CAMPAIGN VALUES(SEQ_TREE_POST.NEXTVAL, 'user17', '지구온난화', '싫으니까', DEFAULT);
INSERT INTO TREE_CAMPAIGN VALUES(SEQ_TREE_POST.NEXTVAL, 'user18', '나무가', '좋아', DEFAULT);
INSERT INTO TREE_CAMPAIGN VALUES(SEQ_TREE_POST.NEXTVAL, 'user19', '테스트', '이거 진짜 참여 되나', DEFAULT);
INSERT INTO TREE_CAMPAIGN VALUES(SEQ_TREE_POST.NEXTVAL, 'user20', '포인트', '열심히 모았어요', DEFAULT);

-- 주차장 정보
INSERT INTO MOUNTAIN_PARKINGLOT_INFO VALUES(1,'북한산','비봉 주차장(유료)','서울특별시 종로구 구기동 139-9', '02-391-4272', '08:00','18:00','1,500','1,000','15,000','10.000','37.612015','126.956553');
INSERT INTO MOUNTAIN_PARKINGLOT_INFO VALUES(2,'검단산','현충탑진입로 노상 공영 주차장 (유료)','경기 하남시 창우동 272-18','02-392-4252','08:00','16:00', '2,000', '1,000', '15,000', '10,000','37.53683','127.22906');
INSERT INTO MOUNTAIN_PARKINGLOT_INFO VALUES(3,'월악산','국립공원 상선암 탐방지원센터 주차장(유료)', ' 충청북도 단양군 단성면 도락산입구','043-301-4255', '06:00', '24:00','2,000', '1,000', '10,000', '5,000', '36.83139','128.09140');
INSERT INTO MOUNTAIN_PARKINGLOT_INFO VALUES(4,'속리산','속리산 국립공원 주창장(유료)', '경북 상주시 화북면 장암리 1007','054-393-4552', '08:00','18:00','2,000', '1,000', '15,000', '10,000','36.53336','127.82326');
INSERT INTO MOUNTAIN_PARKINGLOT_INFO VALUES(5,'계룡산','동학사 소형 주차장(유료)', '충남 공주시 반포면 학봉리 742','041-394-5272', '08:00','18:00','3,000', '2,000', '10,000', '5,000','36.35874','127.23866');
INSERT INTO MOUNTAIN_PARKINGLOT_INFO VALUES(6,'두타산','무릉계곡 1 ~3 주차장(유료)', '강원 동해시 삼화동 858-3','033-395-4472', '06:00','24:00','2,000', '1,000', '15,000', '10,000','37.46366','129.02255');
INSERT INTO MOUNTAIN_PARKINGLOT_INFO VALUES(7,'설악산','소공원 주차장(유료)', '강원 속초시 설악산로 1032', '033-636-4050', '06:00','24:00','2,000', '1,000', '15,000', '10,000','38.17309','128.49480');
INSERT INTO MOUNTAIN_PARKINGLOT_INFO VALUES(8,'마이산','남부 주차장(유료)', '전북 진안군 마령면 동촌리 70-19','063-391-4472', '08:00','18:00','2,500', '1,500', '10,000', '5,000','35.75443','127.39495');
INSERT INTO MOUNTAIN_PARKINGLOT_INFO VALUES(9,'내장산','오솔길 주차장(무료)', '전북 정읍시 내장산로 941-14','063-391-4279', '06:00','24:00','2,000', '1,000', '15,000', '10,000','35.49426','126.92574');
INSERT INTO MOUNTAIN_PARKINGLOT_INFO VALUES(10,'월출산','도갑사 공영 주차장(유료)', '전남 영암군 군서면 도갑리 53-1','061-341-4271', '08:00','17:00','2,000', '1,000', '15,000', '10,000','34.75355','126.65957');
INSERT INTO MOUNTAIN_PARKINGLOT_INFO VALUES(11,'대야산','문경 용추 계곡 주차장(무료)', '경북 문경시 가은읍 대야로 1306-9','054-331-4372', '06:00','24:00','2,000', '1,000', '20,000', '10,000','36.67527','127.96006');
INSERT INTO MOUNTAIN_PARKINGLOT_INFO VALUES(12,'지리산','지리산 국립공원 주차장(무료)', '경남 산청군 시천면 지리산대로 345','055-332-4572', '08:00','18:00','2,000', '1,000', '20,000', '10,000','35.37704','127.58170');
INSERT INTO MOUNTAIN_PARKINGLOT_INFO VALUES(13,'팔공산','수태골 주차장(무료)', '대구 동구 신무동 13','053-391-4272','08:00','18:00','2,000', '1,000', '25,000', '10,000','35.99248','128.68123');
INSERT INTO MOUNTAIN_PARKINGLOT_INFO VALUES(14,'한라산','제주 한라산 성팍악코스(무료)', '제주 제주시 조천읍 교래리','064-391-4272','06:00','24:00','2,000', '1,000', '25,000', '10,000','33.35765','126.46289');

COMMIT;